empId,fullName,deptId,empType,baseSalary,taxRate,joinDate,status
EMP0002,Duong Tuan,DEPT002,FULLTIME,19183775,0.1,2020-10-11,ACTIVE
EMP0003,Bui Anh,DEPT003,FULLTIME,8910429,0.1,2019-10-26,ACTIVE
EMP0004,Huynh Linh,DEPT004,PARTTIME,5090625,0.05,2021-08-26,ACTIVE
EMP0005,Ho Bao,DEPT005,PARTTIME,6257142,0.05,2020-09-24,ACTIVE
EMP0006,Ly Thu,DEPT006,PARTTIME,8500398,0.05,2023-03-10,ACTIVE
EMP0007,Dang Minh,DEPT007,FULLTIME,16513295,0.1,2022-03-30,ACTIVE
EMP0008,Ly Thu,DEPT008,FULLTIME,8945476,0.1,2021-05-28,ACTIVE
EMP0009,Ho Nam,DEPT009,PARTTIME,5010029,0.05,2019-02-03,ACTIVE
EMP0010,Ngo Thu,DEPT010,FULLTIME,11545275,0.1,2020-11-03,ACTIVE
EMP0011,Vo Duc,DEPT011,PARTTIME,4324451,0.05,2020-08-04,ACTIVE
EMP0012,Ho Khanh,DEPT012,FULLTIME,19930606,0.1,2021-12-15,ACTIVE
EMP0013,Ho Long,DEPT013,PARTTIME,6135323,0.05,2023-08-30,ACTIVE
EMP0014,Ho Bao,DEPT014,FULLTIME,12476433,0.1,2022-12-23,ACTIVE
EMP0015,Hoang Viet,DEPT015,FULLTIME,15446672,0.1,2023-10-10,ACTIVE
EMP0016,Ly Linh,DEPT016,FULLTIME,15056433,0.1,2020-02-28,ACTIVE
EMP0017,Huynh Huy,DEPT017,PARTTIME,4349904,0.05,2021-10-25,ACTIVE
EMP0018,Nguyen Anh,DEPT018,PARTTIME,4455741,0.05,2021-08-13,ACTIVE
EMP0019,Do Anh,DEPT019,FULLTIME,17945481,0.1,2023-07-08,ACTIVE
EMP0020,Duong Nhung,DEPT020,PARTTIME,5629441,0.05,2019-11-06,ACTIVE
EMP0021,Ho Viet,DEPT001,FULLTIME,16018065,0.1,2023-12-26,ACTIVE
EMP0022,Duong Dung,DEPT002,PARTTIME,5186291,0.05,2019-09-07,ACTIVE
EMP0023,Vo Thu,DEPT003,FULLTIME,18807006,0.1,2022-03-02,ACTIVE
EMP0024,Nguyen Long,DEPT004,FULLTIME,14325342,0.1,2019-06-21,ACTIVE
EMP0025,Ngo Linh,DEPT005,FULLTIME,11126774,0.1,2020-11-16,ACTIVE
EMP0026,Nguyen Dung,DEPT006,FULLTIME,11920331,0.1,2023-11-09,ACTIVE
EMP0027,Dang Linh,DEPT007,PARTTIME,5601766,0.05,2019-02-24,ACTIVE
EMP0028,Huynh Nhung,DEPT008,PARTTIME,9263374,0.05,2022-05-19,ACTIVE
EMP0029,Vo Quan,DEPT009,PARTTIME,8401269,0.05,2020-03-28,ACTIVE
EMP0030,Ho Phuc,DEPT010,FULLTIME,15226780,0.1,2019-09-08,ACTIVE
EMP0031,Vu Thao,DEPT011,FULLTIME,13482894,0.1,2023-02-14,ACTIVE
EMP0032,Do Ha,DEPT012,PARTTIME,4530323,0.05,2023-01-15,ACTIVE
EMP0033,Trinh Phuc,DEPT013,FULLTIME,11812673,0.1,2022-11-04,ACTIVE
EMP0034,Hoang Mai,DEPT014,PARTTIME,7595987,0.05,2020-08-28,ACTIVE
EMP0035,Ngo Khanh,DEPT015,PARTTIME,6356266,0.05,2022-01-14,ACTIVE
EMP0036,Vu Khoa,DEPT016,PARTTIME,5705290,0.05,2019-08-25,ACTIVE
EMP0037,Nguyen Nhung,DEPT017,FULLTIME,10405088,0.1,2022-10-28,ACTIVE
EMP0038,Vu Ha,DEPT018,PARTTIME,5312675,0.05,2021-05-18,ACTIVE
EMP0039,Ly Ngoc,DEPT019,FULLTIME,16252253,0.1,2023-05-15,ACTIVE
EMP0040,Do Trang,DEPT020,PARTTIME,9177131,0.05,2021-10-30,ACTIVE
EMP0041,Dang Minh,DEPT001,FULLTIME,19241064,0.1,2019-12-14,ACTIVE
EMP0042,Trinh Ha,DEPT002,PARTTIME,9866206,0.05,2019-11-16,ACTIVE
EMP0043,Ho Long,DEPT003,FULLTIME,16996510,0.1,2019-07-04,ACTIVE
EMP0044,Ho Khanh,DEPT004,PARTTIME,4065842,0.05,2023-09-14,ACTIVE
EMP0045,Do Long,DEPT005,PARTTIME,7896410,0.05,2019-10-19,ACTIVE
EMP0046,Ngo Viet,DEPT006,PARTTIME,5674590,0.05,2023-01-05,ACTIVE
EMP0047,Nguyen Lan,DEPT007,FULLTIME,9814507,0.1,2023-06-26,ACTIVE
EMP0048,Pham Phuc,DEPT008,PARTTIME,9563993,0.05,2022-10-29,ACTIVE
EMP0049,Ngo Khoa,DEPT009,PARTTIME,8455960,0.05,2019-09-02,ACTIVE
EMP0050,Tran Huy,DEPT010,FULLTIME,17160352,0.1,2023-04-15,ACTIVE
EMP0051,Le Duc,DEPT011,FULLTIME,19999243,0.1,2021-02-08,ACTIVE
EMP0052,Vu Mai,DEPT012,FULLTIME,16676800,0.1,2021-02-26,ACTIVE
EMP0053,Ngo Khoa,DEPT013,FULLTIME,16818688,0.1,2021-06-12,ACTIVE
EMP0054,Huynh Anh,DEPT014,PARTTIME,9560302,0.05,2021-04-03,ACTIVE
EMP0055,Huynh Anh,DEPT015,FULLTIME,13975036,0.1,2022-06-25,ACTIVE
EMP0056,Vu Huy,DEPT016,PARTTIME,6625386,0.05,2023-03-15,ACTIVE
EMP0057,Ho Huong,DEPT017,FULLTIME,12340011,0.1,2023-11-24,ACTIVE
EMP0058,Hoang Thu,DEPT018,FULLTIME,15470518,0.1,2019-08-13,ACTIVE
EMP0059,Vu Dung,DEPT019,FULLTIME,13812860,0.1,2023-12-10,ACTIVE
EMP0060,Dinh Viet,DEPT020,FULLTIME,14493732,0.1,2021-01-18,ACTIVE
EMP0061,Trinh Minh,DEPT001,FULLTIME,10529856,0.1,2021-04-19,ACTIVE
EMP0062,Trinh Quan,DEPT002,PARTTIME,7408380,0.05,2022-07-19,ACTIVE
EMP0063,Dang Khanh,DEPT003,PARTTIME,6636852,0.05,2019-09-24,ACTIVE
EMP0064,Ngo Tuan,DEPT004,PARTTIME,6323588,0.05,2021-12-13,ACTIVE
EMP0065,Vo Minh,DEPT005,FULLTIME,17314802,0.1,2023-09-09,ACTIVE
EMP0066,Le Huy,DEPT006,FULLTIME,16717950,0.1,2022-02-22,ACTIVE
EMP0067,Huynh Phuc,DEPT007,FULLTIME,15278717,0.1,2022-10-03,ACTIVE
EMP0068,Phan Nam,DEPT008,FULLTIME,8830077,0.1,2023-02-06,ACTIVE
EMP0069,Do Bao,DEPT009,PARTTIME,7773968,0.05,2021-12-02,ACTIVE
EMP0070,Nguyen Khanh,DEPT010,FULLTIME,13932431,0.1,2019-11-09,ACTIVE
EMP0071,Nguyen Duc,DEPT011,FULLTIME,9002108,0.1,2019-05-23,ACTIVE
EMP0072,Tran Linh,DEPT012,PARTTIME,9497848,0.05,2023-08-21,ACTIVE
EMP0073,Pham Tuan,DEPT013,PARTTIME,5916447,0.05,2019-01-14,ACTIVE
EMP0074,Nguyen Dung,DEPT014,PARTTIME,4424969,0.05,2022-04-26,ACTIVE
EMP0075,Dinh Bao,DEPT015,FULLTIME,13212379,0.1,2021-07-05,ACTIVE
EMP0076,Vo Viet,DEPT016,PARTTIME,5109438,0.05,2023-05-11,ACTIVE
EMP0077,Do Khoa,DEPT017,PARTTIME,8708652,0.05,2023-03-07,ACTIVE
EMP0078,Ly Quan,DEPT018,FULLTIME,17153678,0.1,2021-01-30,ACTIVE
EMP0079,Vo Ngoc,DEPT019,PARTTIME,8012864,0.05,2023-01-06,ACTIVE
EMP0080,Dinh Mai,DEPT020,PARTTIME,5924467,0.05,2023-02-18,ACTIVE
EMP0081,Dang Minh,DEPT001,FULLTIME,14138543,0.1,2020-06-08,ACTIVE
EMP0082,Pham Quan,DEPT002,PARTTIME,6751517,0.05,2023-01-22,ACTIVE
EMP0083,Nguyen Tuan,DEPT003,PARTTIME,4915480,0.05,2023-12-21,ACTIVE
EMP0084,Dang Khanh,DEPT004,PARTTIME,5677098,0.05,2023-10-07,ACTIVE
EMP0085,Vo Quan,DEPT005,PARTTIME,6294786,0.05,2022-01-09,ACTIVE
EMP0086,Nguyen Huy,DEPT006,PARTTIME,4417047,0.05,2021-02-23,ACTIVE
EMP0087,Bui Huy,DEPT007,PARTTIME,7869074,0.05,2023-07-08,ACTIVE
EMP0088,Bui Trang,DEPT008,PARTTIME,7762676,0.05,2022-09-03,ACTIVE
EMP0089,Huynh Tuan,DEPT009,PARTTIME,8676778,0.05,2023-05-15,ACTIVE
EMP0090,Duong Bao,DEPT010,FULLTIME,16219233,0.1,2022-10-31,ACTIVE
EMP0091,Bui Huy,DEPT011,PARTTIME,7018685,0.05,2023-09-18,ACTIVE
EMP0092,Nguyen Lan,DEPT012,PARTTIME,8594834,0.05,2020-06-09,ACTIVE
EMP0093,Dang Trang,DEPT013,FULLTIME,19785667,0.1,2019-11-20,ACTIVE
EMP0094,Ho Khoa,DEPT014,PARTTIME,8423974,0.05,2020-08-30,ACTIVE
EMP0095,Hoang Khanh,DEPT015,FULLTIME,10566590,0.1,2019-01-26,ACTIVE
EMP0096,Vu Trang,DEPT016,PARTTIME,4477001,0.05,2020-08-07,ACTIVE
EMP0097,Le Tuan,DEPT017,PARTTIME,9569674,0.05,2020-10-14,ACTIVE
EMP0098,Duong Dung,DEPT018,FULLTIME,16087480,0.1,2023-04-13,ACTIVE
EMP0099,Bui Tuan,DEPT019,PARTTIME,4294314,0.05,2020-01-23,ACTIVE
EMP0100,Vu Phuc,DEPT020,PARTTIME,5941969,0.05,2023-02-20,ACTIVE
EMP0101,Bui Huy,DEPT001,FULLTIME,14243588,0.1,2023-05-27,ACTIVE
EMP0102,Dang Viet,DEPT002,FULLTIME,12525842,0.1,2020-06-24,ACTIVE
EMP0103,Huynh Viet,DEPT003,FULLTIME,11760514,0.1,2022-02-06,ACTIVE
EMP0104,Huynh Khanh,DEPT004,FULLTIME,15992170,0.1,2022-06-29,ACTIVE
EMP0105,Trinh Linh,DEPT005,FULLTIME,16410956,0.1,2022-08-11,ACTIVE
EMP0106,Hoang Phuc,DEPT006,FULLTIME,12651645,0.1,2023-10-07,ACTIVE
EMP0107,Do Long,DEPT007,PARTTIME,5741262,0.05,2023-03-24,ACTIVE
EMP0108,Le Dung,DEPT008,FULLTIME,13733259,0.1,2023-07-27,ACTIVE
EMP0109,Trinh Mai,DEPT009,FULLTIME,13661435,0.1,2022-07-27,ACTIVE
EMP0110,Duong Quan,DEPT010,PARTTIME,8666829,0.05,2019-07-23,ACTIVE
EMP0111,Do Mai,DEPT011,FULLTIME,10491473,0.1,2020-10-30,ACTIVE
EMP0112,Ngo Nhung,DEPT012,PARTTIME,6675128,0.05,2019-08-11,ACTIVE
EMP0113,Bui Mai,DEPT013,FULLTIME,8565553,0.1,2019-09-23,ACTIVE
EMP0114,Trinh Ngoc,DEPT014,FULLTIME,10112838,0.1,2019-03-16,ACTIVE
EMP0115,Hoang Khoa,DEPT015,FULLTIME,8098794,0.1,2020-10-03,ACTIVE
EMP0116,Huynh Minh,DEPT016,FULLTIME,11774959,0.1,2020-05-05,ACTIVE
EMP0117,Bui Ha,DEPT017,FULLTIME,18551233,0.1,2019-01-10,ACTIVE
EMP0118,Phan Bao,DEPT018,FULLTIME,19963040,0.1,2020-10-22,ACTIVE
EMP0119,Vo Linh,DEPT019,FULLTIME,10643084,0.1,2021-06-28,ACTIVE
EMP0120,Vu Lan,DEPT020,PARTTIME,4575806,0.05,2023-07-14,ACTIVE
EMP0121,Trinh Linh,DEPT001,PARTTIME,6885370,0.05,2019-10-12,ACTIVE
EMP0122,Vu Nam,DEPT002,PARTTIME,7207461,0.05,2019-04-26,ACTIVE
EMP0123,Huynh Phuc,DEPT003,FULLTIME,9289428,0.1,2020-07-07,ACTIVE
EMP0124,Ly Phuc,DEPT004,PARTTIME,7171061,0.05,2020-06-23,ACTIVE
EMP0125,Ngo Bao,DEPT005,PARTTIME,7826192,0.05,2022-05-25,ACTIVE
EMP0126,Ngo Mai,DEPT006,FULLTIME,9500531,0.1,2021-02-26,ACTIVE
EMP0127,Phan Thao,DEPT007,FULLTIME,9306056,0.1,2020-08-16,ACTIVE
EMP0128,Trinh Quan,DEPT008,PARTTIME,4921587,0.05,2023-05-27,ACTIVE
EMP0129,Pham Huy,DEPT009,FULLTIME,18154281,0.1,2019-06-20,ACTIVE
EMP0130,Nguyen Duc,DEPT010,PARTTIME,5797218,0.05,2022-03-20,ACTIVE
EMP0131,Dang Trang,DEPT011,FULLTIME,18071471,0.1,2023-10-17,ACTIVE
EMP0132,Trinh Ngoc,DEPT012,PARTTIME,7947935,0.05,2020-10-29,ACTIVE
EMP0133,Tran Huy,DEPT013,FULLTIME,18421508,0.1,2020-12-22,ACTIVE
EMP0134,Duong Minh,DEPT014,FULLTIME,18055555,0.1,2022-01-01,ACTIVE
EMP0135,Phan Tuan,DEPT015,PARTTIME,8110732,0.05,2023-09-10,ACTIVE
EMP0136,Vo Viet,DEPT016,FULLTIME,14473974,0.1,2021-02-12,ACTIVE
EMP0137,Bui Lan,DEPT017,FULLTIME,10328388,0.1,2019-10-02,ACTIVE
EMP0138,Dinh Thu,DEPT018,FULLTIME,15138754,0.1,2022-07-05,ACTIVE
EMP0139,Dinh Lan,DEPT019,FULLTIME,17575349,0.1,2020-07-06,ACTIVE
EMP0140,Vu Thu,DEPT020,FULLTIME,12535099,0.1,2019-05-18,ACTIVE
EMP0141,Dang Dung,DEPT001,FULLTIME,15606364,0.1,2020-11-12,ACTIVE
EMP0142,Do Linh,DEPT002,FULLTIME,10802601,0.1,2022-03-11,ACTIVE
EMP0143,Ngo Trang,DEPT003,FULLTIME,12870929,0.1,2021-01-05,ACTIVE
EMP0144,Tran Thu,DEPT004,PARTTIME,8787536,0.05,2019-02-19,ACTIVE
EMP0145,Duong Quan,DEPT005,PARTTIME,5569299,0.05,2021-12-10,ACTIVE
EMP0146,Duong Ngoc,DEPT006,PARTTIME,9040066,0.05,2021-04-17,ACTIVE
EMP0147,Dinh Phuc,DEPT007,PARTTIME,8096367,0.05,2023-03-13,ACTIVE
EMP0148,Nguyen Quan,DEPT008,PARTTIME,8650271,0.05,2023-10-21,ACTIVE
EMP0149,Dinh Phuc,DEPT009,PARTTIME,7003191,0.05,2019-09-10,ACTIVE
EMP0150,Ho Ha,DEPT010,FULLTIME,15116441,0.1,2019-02-23,ACTIVE
EMP0151,Vo Quan,DEPT011,PARTTIME,7111682,0.05,2020-08-13,ACTIVE
EMP0152,Bui Thao,DEPT012,FULLTIME,19980853,0.1,2020-08-24,ACTIVE
EMP0153,Do Ha,DEPT013,PARTTIME,9342815,0.05,2023-07-30,ACTIVE
EMP0154,Bui Phuc,DEPT014,PARTTIME,4909148,0.05,2022-02-19,ACTIVE
EMP0155,Ngo Lan,DEPT015,PARTTIME,6613241,0.05,2023-06-14,ACTIVE
EMP0156,Vu Ha,DEPT016,FULLTIME,12056172,0.1,2020-12-17,ACTIVE
EMP0157,Huynh Dung,DEPT017,FULLTIME,17275480,0.1,2021-06-08,ACTIVE
EMP0158,Bui Tuan,DEPT018,PARTTIME,6896160,0.05,2022-10-09,ACTIVE
EMP0159,Duong Phuc,DEPT019,FULLTIME,15743291,0.1,2020-08-15,ACTIVE
EMP0160,Dinh Huong,DEPT020,PARTTIME,6402371,0.05,2023-10-08,ACTIVE
EMP0161,Ho Khoa,DEPT001,PARTTIME,8140850,0.05,2023-12-06,ACTIVE
EMP0162,Ngo Ngoc,DEPT002,PARTTIME,6958529,0.05,2023-12-10,ACTIVE
EMP0163,Hoang Viet,DEPT003,FULLTIME,16197697,0.1,2021-11-28,ACTIVE
EMP0164,Nguyen Viet,DEPT004,FULLTIME,9089099,0.1,2021-12-21,ACTIVE
EMP0165,Phan Tuan,DEPT005,PARTTIME,7862756,0.05,2020-09-27,ACTIVE
EMP0166,Vo Thao,DEPT006,FULLTIME,14715492,0.1,2020-03-25,ACTIVE
EMP0167,Vu Thao,DEPT007,PARTTIME,8273164,0.05,2021-06-17,ACTIVE
EMP0168,Dinh Dung,DEPT008,FULLTIME,17623104,0.1,2023-07-29,ACTIVE
EMP0169,Dang Quan,DEPT009,PARTTIME,8038555,0.05,2021-01-19,ACTIVE
EMP0170,Huynh Nhung,DEPT010,PARTTIME,8743836,0.05,2019-07-02,ACTIVE
EMP0171,Tran Quan,DEPT011,FULLTIME,10371398,0.1,2020-01-03,ACTIVE
EMP0172,Huynh Trang,DEPT012,PARTTIME,8715827,0.05,2023-06-30,ACTIVE
EMP0173,Huynh Duc,DEPT013,PARTTIME,7753505,0.05,2022-06-05,ACTIVE
EMP0174,Nguyen Khanh,DEPT014,FULLTIME,15221544,0.1,2019-03-13,ACTIVE
EMP0175,Dinh Huong,DEPT015,FULLTIME,17110901,0.1,2023-05-15,ACTIVE
EMP0176,Duong Dung,DEPT016,PARTTIME,6440672,0.05,2019-08-29,ACTIVE
EMP0177,Bui Nam,DEPT017,PARTTIME,9015145,0.05,2022-10-26,ACTIVE
EMP0178,Nguyen Thu,DEPT018,FULLTIME,8857429,0.1,2020-12-13,ACTIVE
EMP0179,Dang Anh,DEPT019,FULLTIME,14120282,0.1,2021-12-24,ACTIVE
EMP0180,Duong Nhung,DEPT020,FULLTIME,9780384,0.1,2019-07-02,ACTIVE
EMP0181,Do Bao,DEPT001,FULLTIME,19854775,0.1,2019-01-11,ACTIVE
EMP0182,Ho Quan,DEPT002,PARTTIME,9360005,0.05,2019-12-13,ACTIVE
EMP0183,Le Anh,DEPT003,PARTTIME,9837929,0.05,2020-05-21,ACTIVE
EMP0184,Huynh Thu,DEPT004,PARTTIME,9969788,0.05,2020-09-04,ACTIVE
EMP0185,Phan Khanh,DEPT005,PARTTIME,8276076,0.05,2019-03-01,ACTIVE
EMP0186,Vo Duc,DEPT006,FULLTIME,12465227,0.1,2021-08-12,ACTIVE
EMP0187,Ho Ngoc,DEPT007,FULLTIME,13099361,0.1,2023-12-23,ACTIVE
EMP0188,Nguyen Nam,DEPT008,PARTTIME,8594780,0.05,2020-01-03,ACTIVE
EMP0189,Hoang Long,DEPT009,PARTTIME,7319536,0.05,2019-01-24,ACTIVE
EMP0190,Do Khanh,DEPT010,FULLTIME,13213105,0.1,2020-03-07,ACTIVE
EMP0191,Vo Khoa,DEPT011,FULLTIME,14787596,0.1,2019-12-03,ACTIVE
EMP0192,Vo Long,DEPT012,FULLTIME,8364635,0.1,2023-07-01,ACTIVE
EMP0193,Ho Bao,DEPT013,PARTTIME,5027257,0.05,2022-12-05,ACTIVE
EMP0194,Vu Thao,DEPT014,PARTTIME,5918872,0.05,2019-10-01,ACTIVE
EMP0195,Ho Long,DEPT015,FULLTIME,14041874,0.1,2022-11-26,ACTIVE
EMP0196,Ho Thu,DEPT016,PARTTIME,9510202,0.05,2020-12-24,ACTIVE
EMP0197,Ngo Viet,DEPT017,FULLTIME,17518969,0.1,2021-04-25,ACTIVE
EMP0198,Ly Khoa,DEPT018,FULLTIME,11228219,0.1,2021-01-27,ACTIVE
EMP0199,Le Ngoc,DEPT019,PARTTIME,5496822,0.05,2020-07-17,ACTIVE
EMP0200,Dang Nhung,DEPT020,FULLTIME,10653933,0.1,2019-05-25,ACTIVE
EMP0201,Ngo Tuan,DEPT001,PARTTIME,7193445,0.05,2023-02-14,ACTIVE
EMP0202,Do Nhung,DEPT002,PARTTIME,9018320,0.05,2019-03-26,ACTIVE
EMP0203,Le Viet,DEPT003,FULLTIME,18494515,0.1,2021-05-12,ACTIVE
EMP0204,Duong Nhung,DEPT004,FULLTIME,13194069,0.1,2020-09-20,ACTIVE
EMP0205,Pham Nam,DEPT005,PARTTIME,5477152,0.05,2021-07-08,ACTIVE
EMP0206,Ngo Linh,DEPT006,FULLTIME,19645004,0.1,2023-12-05,ACTIVE
EMP0207,Le Khoa,DEPT007,PARTTIME,7022832,0.05,2023-08-21,ACTIVE
EMP0208,Ho Huy,DEPT008,PARTTIME,6563211,0.05,2021-09-16,ACTIVE
EMP0209,Bui Tuan,DEPT009,PARTTIME,5532230,0.05,2019-06-29,ACTIVE
EMP0210,Tran Huy,DEPT010,PARTTIME,5480258,0.05,2020-12-08,ACTIVE
EMP0211,Trinh Lan,DEPT011,FULLTIME,18955487,0.1,2023-06-19,ACTIVE
EMP0212,Nguyen Nam,DEPT012,PARTTIME,9692629,0.05,2020-04-08,ACTIVE
EMP0213,Nguyen Minh,DEPT013,PARTTIME,5761045,0.05,2023-07-13,ACTIVE
EMP0214,Do Dung,DEPT014,FULLTIME,18658152,0.1,2020-03-07,ACTIVE
EMP0215,Huynh Nhung,DEPT015,FULLTIME,8487732,0.1,2022-08-19,ACTIVE
EMP0216,Nguyen Nhung,DEPT016,FULLTIME,17835576,0.1,2022-10-18,ACTIVE
EMP0217,Vo Nhung,DEPT017,FULLTIME,12936759,0.1,2019-06-02,ACTIVE
EMP0218,Ly Bao,DEPT018,FULLTIME,11157045,0.1,2019-08-13,ACTIVE
EMP0219,Tran Thu,DEPT019,PARTTIME,7655873,0.05,2020-03-30,ACTIVE
EMP0220,Vo Anh,DEPT020,FULLTIME,18821929,0.1,2022-08-11,ACTIVE
EMP0221,Le Huong,DEPT001,FULLTIME,17106475,0.1,2022-05-03,ACTIVE
EMP0222,Pham Phuc,DEPT002,PARTTIME,8300202,0.05,2022-04-18,ACTIVE
EMP0223,Vu Huy,DEPT003,PARTTIME,5185711,0.05,2023-10-12,ACTIVE
EMP0224,Dang Huong,DEPT004,PARTTIME,8115170,0.05,2020-11-28,ACTIVE
EMP0225,Le Minh,DEPT005,PARTTIME,5033298,0.05,2023-10-05,ACTIVE
EMP0226,Le Linh,DEPT006,PARTTIME,7098284,0.05,2021-04-15,ACTIVE
EMP0227,Ho Tuan,DEPT007,PARTTIME,8915671,0.05,2021-09-10,ACTIVE
EMP0228,Le Phuc,DEPT008,FULLTIME,17583821,0.1,2019-06-20,ACTIVE
EMP0229,Bui Phuc,DEPT009,PARTTIME,7106326,0.05,2023-12-17,ACTIVE
EMP0230,Ly Phuc,DEPT010,PARTTIME,7900043,0.05,2023-12-09,ACTIVE
EMP0231,Tran Linh,DEPT011,PARTTIME,5012799,0.05,2020-02-13,ACTIVE
EMP0232,Vo Viet,DEPT012,PARTTIME,7174304,0.05,2022-04-09,ACTIVE
EMP0233,Dinh Dung,DEPT013,PARTTIME,5548213,0.05,2019-06-17,ACTIVE
EMP0234,Tran Long,DEPT014,FULLTIME,13692194,0.1,2019-02-11,ACTIVE
EMP0235,Nguyen Tuan,DEPT015,FULLTIME,11676466,0.1,2019-08-19,ACTIVE
EMP0236,Bui Phuc,DEPT016,PARTTIME,8239238,0.05,2019-09-15,ACTIVE
EMP0237,Bui Ha,DEPT017,FULLTIME,9104172,0.1,2022-06-16,ACTIVE
EMP0238,Do Ngoc,DEPT018,PARTTIME,6935579,0.05,2020-11-09,ACTIVE
EMP0239,Huynh Trang,DEPT019,FULLTIME,18686967,0.1,2020-05-15,ACTIVE
EMP0240,Duong Duc,DEPT020,FULLTIME,12330229,0.1,2020-03-03,ACTIVE
EMP0241,Nguyen Mai,DEPT001,PARTTIME,7120831,0.05,2022-06-30,ACTIVE
EMP0242,Duong Ngoc,DEPT002,FULLTIME,18271182,0.1,2023-07-20,ACTIVE
EMP0243,Ho Khoa,DEPT003,FULLTIME,17108530,0.1,2021-11-14,ACTIVE
EMP0244,Vo Thu,DEPT004,PARTTIME,5598497,0.05,2023-01-22,ACTIVE
EMP0245,Tran Khoa,DEPT005,PARTTIME,6803110,0.05,2022-04-16,ACTIVE
EMP0246,Nguyen Anh,DEPT006,FULLTIME,19609670,0.1,2020-08-10,ACTIVE
EMP0247,Duong Anh,DEPT007,FULLTIME,18576600,0.1,2021-08-20,ACTIVE
EMP0248,Ho Duc,DEPT008,PARTTIME,7675403,0.05,2022-09-26,ACTIVE
EMP0249,Bui Ngoc,DEPT009,PARTTIME,8248274,0.05,2021-05-22,ACTIVE
EMP0250,Phan Dung,DEPT010,FULLTIME,12775648,0.1,2022-04-09,ACTIVE
EMP0251,Dang Linh,DEPT011,FULLTIME,15916747,0.1,2022-06-14,ACTIVE
EMP0252,Nguyen Nam,DEPT012,PARTTIME,6816567,0.05,2021-01-12,ACTIVE
EMP0253,Do Tuan,DEPT013,PARTTIME,8263389,0.05,2019-06-28,ACTIVE
EMP0254,Ho Khanh,DEPT014,FULLTIME,8165008,0.1,2019-12-01,ACTIVE
EMP0255,Ho Mai,DEPT015,FULLTIME,19399063,0.1,2021-01-25,ACTIVE
EMP0256,Hoang Lan,DEPT016,PARTTIME,5471865,0.05,2021-09-24,ACTIVE
EMP0257,Phan Nam,DEPT017,FULLTIME,13982609,0.1,2020-07-03,ACTIVE
EMP0258,Hoang Lan,DEPT018,PARTTIME,8366145,0.05,2021-11-10,ACTIVE
EMP0259,Hoang Huong,DEPT019,FULLTIME,15484997,0.1,2021-12-17,ACTIVE
EMP0260,Ly Phuc,DEPT020,FULLTIME,8962923,0.1,2020-09-07,ACTIVE
EMP0261,Ho Trang,DEPT001,PARTTIME,7930511,0.05,2021-08-08,ACTIVE
EMP0262,Pham Minh,DEPT002,PARTTIME,6175960,0.05,2023-06-22,ACTIVE
EMP0263,Ngo Dung,DEPT003,FULLTIME,16424539,0.1,2019-11-08,ACTIVE
EMP0264,Vo Trang,DEPT004,PARTTIME,7670398,0.05,2020-02-22,ACTIVE
EMP0265,Vu Huong,DEPT005,FULLTIME,8906144,0.1,2022-08-17,ACTIVE
EMP0266,Dang Huong,DEPT006,FULLTIME,17265238,0.1,2020-02-22,ACTIVE
EMP0267,Vu Nam,DEPT007,PARTTIME,4068597,0.05,2020-01-11,ACTIVE
EMP0268,Vu Mai,DEPT008,FULLTIME,18784682,0.1,2021-03-22,ACTIVE
EMP0269,Dinh Nhung,DEPT009,PARTTIME,5107737,0.05,2023-07-02,ACTIVE
EMP0270,Do Ngoc,DEPT010,FULLTIME,15760024,0.1,2019-07-26,ACTIVE
EMP0271,Hoang Bao,DEPT011,FULLTIME,16803581,0.1,2019-04-04,ACTIVE
EMP0272,Dinh Linh,DEPT012,PARTTIME,9335747,0.05,2021-10-02,ACTIVE
EMP0273,Ngo Long,DEPT013,PARTTIME,4224488,0.05,2023-03-11,ACTIVE
EMP0274,Vu Quan,DEPT014,PARTTIME,7340221,0.05,2022-01-21,ACTIVE
EMP0275,Trinh Quan,DEPT015,PARTTIME,7273479,0.05,2021-12-03,ACTIVE
EMP0276,Duong Thu,DEPT016,PARTTIME,6947177,0.05,2023-05-29,ACTIVE
EMP0277,Dinh Khanh,DEPT017,PARTTIME,6372925,0.05,2021-09-12,ACTIVE
EMP0278,Duong Linh,DEPT018,PARTTIME,9742243,0.05,2022-09-21,ACTIVE
EMP0279,Bui Ngoc,DEPT019,FULLTIME,12778824,0.1,2019-12-05,ACTIVE
EMP0280,Dinh Tuan,DEPT020,PARTTIME,9776284,0.05,2020-05-08,ACTIVE
EMP0281,Hoang Dung,DEPT001,PARTTIME,6356690,0.05,2023-01-07,ACTIVE
EMP0282,Tran Quan,DEPT002,PARTTIME,9321357,0.05,2023-03-28,ACTIVE
EMP0283,Duong Mai,DEPT003,PARTTIME,9245109,0.05,2021-05-27,ACTIVE
EMP0284,Dang Trang,DEPT004,PARTTIME,4024298,0.05,2022-05-22,ACTIVE
EMP0285,Do Mai,DEPT005,PARTTIME,4689499,0.05,2022-03-06,ACTIVE
EMP0286,Ly Huong,DEPT006,FULLTIME,18594021,0.1,2022-05-11,ACTIVE
EMP0287,Duong Viet,DEPT007,PARTTIME,4933304,0.05,2021-10-04,ACTIVE
EMP0288,Duong Mai,DEPT008,PARTTIME,7149382,0.05,2021-07-04,ACTIVE
EMP0289,Nguyen Viet,DEPT009,PARTTIME,8873097,0.05,2019-02-27,ACTIVE
EMP0290,Ngo Thu,DEPT010,PARTTIME,6700058,0.05,2019-12-07,ACTIVE
EMP0291,Ngo Quan,DEPT011,FULLTIME,14885902,0.1,2023-12-12,ACTIVE
EMP0292,Do Dung,DEPT012,PARTTIME,5332471,0.05,2020-04-13,ACTIVE
EMP0293,Ly Nam,DEPT013,PARTTIME,7426873,0.05,2022-10-10,ACTIVE
EMP0294,Do Trang,DEPT014,PARTTIME,5403558,0.05,2023-04-24,ACTIVE
EMP0295,Bui Dung,DEPT015,FULLTIME,13407549,0.1,2023-12-04,ACTIVE
EMP0296,Ho Minh,DEPT016,PARTTIME,4744874,0.05,2020-08-21,ACTIVE
EMP0297,Pham Thu,DEPT017,FULLTIME,15289146,0.1,2019-11-22,ACTIVE
EMP0298,Huynh Khoa,DEPT018,PARTTIME,9734063,0.05,2021-04-05,ACTIVE
EMP0299,Dinh Huy,DEPT019,FULLTIME,15692850,0.1,2021-12-17,ACTIVE
EMP0300,Dinh Mai,DEPT020,PARTTIME,5424421,0.05,2020-01-04,ACTIVE
EMP0301,Huynh Tuan,DEPT001,FULLTIME,15389756,0.1,2020-10-17,ACTIVE
EMP0302,Ho Long,DEPT002,PARTTIME,8249415,0.05,2020-06-04,ACTIVE
EMP0303,Vu Phuc,DEPT003,FULLTIME,11178103,0.1,2022-08-01,ACTIVE
EMP0304,Duong Lan,DEPT004,FULLTIME,16757784,0.1,2020-05-08,ACTIVE
EMP0305,Tran Thao,DEPT005,PARTTIME,7139541,0.05,2021-01-04,ACTIVE
EMP0306,Vu Duc,DEPT006,PARTTIME,5546962,0.05,2019-01-20,ACTIVE
EMP0307,Phan Trang,DEPT007,FULLTIME,13242386,0.1,2020-11-09,ACTIVE
EMP0308,Vo Huy,DEPT008,FULLTIME,9098129,0.1,2021-10-20,ACTIVE
EMP0309,Ly Thu,DEPT009,FULLTIME,19578798,0.1,2019-04-21,ACTIVE
EMP0310,Dinh Viet,DEPT010,PARTTIME,8213891,0.05,2023-09-09,ACTIVE
EMP0311,Hoang Bao,DEPT011,FULLTIME,16031481,0.1,2021-09-27,ACTIVE
EMP0312,Dinh Lan,DEPT012,FULLTIME,14592141,0.1,2020-03-02,ACTIVE
EMP0313,Do Bao,DEPT013,FULLTIME,9532747,0.1,2023-10-29,ACTIVE
EMP0314,Dang Duc,DEPT014,PARTTIME,5193731,0.05,2022-12-12,ACTIVE
EMP0315,Ly Quan,DEPT015,PARTTIME,8292914,0.05,2019-12-21,ACTIVE
EMP0316,Dinh Khanh,DEPT016,FULLTIME,17134630,0.1,2021-02-28,ACTIVE
EMP0317,Phan Minh,DEPT017,PARTTIME,4857976,0.05,2022-08-06,ACTIVE
EMP0318,Ngo Khoa,DEPT018,PARTTIME,5869999,0.05,2021-10-06,ACTIVE
EMP0319,Hoang Mai,DEPT019,PARTTIME,7378312,0.05,2020-10-29,ACTIVE
EMP0320,Ly Phuc,DEPT020,PARTTIME,9335277,0.05,2020-01-19,ACTIVE
EMP0321,Tran Huy,DEPT001,PARTTIME,8139343,0.05,2020-08-04,ACTIVE
EMP0322,Tran Phuc,DEPT002,FULLTIME,8319612,0.1,2021-06-12,ACTIVE
EMP0323,Trinh Thu,DEPT003,FULLTIME,12705000,0.1,2022-05-22,ACTIVE
EMP0324,Phan Minh,DEPT004,PARTTIME,7758549,0.05,2019-09-19,ACTIVE
EMP0325,Dang Khanh,DEPT005,FULLTIME,15673958,0.1,2022-05-21,ACTIVE
EMP0326,Dinh Anh,DEPT006,PARTTIME,9129466,0.05,2022-12-09,ACTIVE
EMP0327,Do Khanh,DEPT007,PARTTIME,7747802,0.05,2020-05-01,ACTIVE
EMP0328,Ly Minh,DEPT008,PARTTIME,9431880,0.05,2019-03-23,ACTIVE
EMP0329,Tran Nhung,DEPT009,PARTTIME,4297623,0.05,2021-12-21,ACTIVE
EMP0330,Vo Mai,DEPT010,PARTTIME,8294898,0.05,2022-05-12,ACTIVE
EMP0331,Dinh Ha,DEPT011,FULLTIME,11901851,0.1,2021-04-03,ACTIVE
EMP0332,Hoang Anh,DEPT012,FULLTIME,9926490,0.1,2021-09-28,ACTIVE
EMP0333,Hoang Quan,DEPT013,PARTTIME,5615848,0.05,2022-09-04,ACTIVE
EMP0334,Duong Minh,DEPT014,FULLTIME,15176365,0.1,2022-12-17,ACTIVE
EMP0335,Huynh Huong,DEPT015,PARTTIME,9656792,0.05,2022-06-22,ACTIVE
EMP0336,Ngo Duc,DEPT016,PARTTIME,7199257,0.05,2021-07-19,ACTIVE
EMP0337,Vo Thu,DEPT017,FULLTIME,19307674,0.1,2023-10-18,ACTIVE
EMP0338,Dinh Khanh,DEPT018,PARTTIME,7717714,0.05,2021-01-03,ACTIVE
EMP0339,Ly Viet,DEPT019,FULLTIME,13067527,0.1,2021-05-23,ACTIVE
EMP0340,Vo Anh,DEPT020,PARTTIME,6978430,0.05,2023-09-30,ACTIVE
EMP0341,Bui Huong,DEPT001,FULLTIME,17527885,0.1,2020-03-28,ACTIVE
EMP0342,Huynh Nhung,DEPT002,FULLTIME,11558123,0.1,2019-06-03,ACTIVE
EMP0343,Do Huy,DEPT003,FULLTIME,18815326,0.1,2023-10-11,ACTIVE
EMP0344,Duong Mai,DEPT004,FULLTIME,15701378,0.1,2023-08-08,ACTIVE
EMP0345,Dinh Huy,DEPT005,FULLTIME,8748624,0.1,2022-09-11,ACTIVE
EMP0346,Nguyen Thao,DEPT006,PARTTIME,4777220,0.05,2023-06-01,ACTIVE
EMP0347,Hoang Mai,DEPT007,PARTTIME,4473333,0.05,2019-08-16,ACTIVE
EMP0348,Tran Bao,DEPT008,FULLTIME,8443855,0.1,2020-04-10,ACTIVE
EMP0349,Huynh Ha,DEPT009,PARTTIME,7459464,0.05,2020-11-17,ACTIVE
EMP0350,Do Nhung,DEPT010,FULLTIME,14328177,0.1,2023-04-03,ACTIVE
EMP0351,Le Ngoc,DEPT011,PARTTIME,9547640,0.05,2020-09-08,ACTIVE
EMP0352,Ngo Nhung,DEPT012,PARTTIME,6518545,0.05,2020-01-30,ACTIVE
EMP0353,Trinh Linh,DEPT013,PARTTIME,4348791,0.05,2019-02-26,ACTIVE
EMP0354,Vo Linh,DEPT014,FULLTIME,9618603,0.1,2019-11-29,ACTIVE
EMP0355,Vu Quan,DEPT015,FULLTIME,13435397,0.1,2023-11-08,ACTIVE
EMP0356,Vu Huy,DEPT016,PARTTIME,9736552,0.05,2022-04-22,ACTIVE
EMP0357,Pham Khanh,DEPT017,FULLTIME,10138604,0.1,2023-05-31,ACTIVE
EMP0358,Hoang Dung,DEPT018,PARTTIME,9957590,0.05,2022-11-11,ACTIVE
EMP0359,Pham Thu,DEPT019,FULLTIME,17140517,0.1,2020-02-04,ACTIVE
EMP0360,Le Mai,DEPT020,FULLTIME,10585469,0.1,2022-06-09,ACTIVE
EMP0361,Ngo Duc,DEPT001,PARTTIME,9597770,0.05,2019-12-31,ACTIVE
EMP0362,Ho Khanh,DEPT002,FULLTIME,15633122,0.1,2021-01-04,ACTIVE
EMP0363,Phan Viet,DEPT003,FULLTIME,14589926,0.1,2019-03-30,ACTIVE
EMP0364,Pham Nhung,DEPT004,FULLTIME,12880815,0.1,2020-12-20,ACTIVE
EMP0365,Dang Dung,DEPT005,FULLTIME,14540913,0.1,2023-06-29,ACTIVE
EMP0366,Dinh Huong,DEPT006,PARTTIME,5678540,0.05,2022-02-25,ACTIVE
EMP0367,Ly Mai,DEPT007,FULLTIME,16483733,0.1,2023-09-03,ACTIVE
EMP0368,Nguyen Viet,DEPT008,FULLTIME,15455977,0.1,2020-10-05,ACTIVE
EMP0369,Duong Khanh,DEPT009,PARTTIME,5978570,0.05,2019-10-20,ACTIVE
EMP0370,Hoang Duc,DEPT010,PARTTIME,4113792,0.05,2020-05-01,ACTIVE
EMP0371,Le Quan,DEPT011,FULLTIME,14151834,0.1,2019-01-25,ACTIVE
EMP0372,Le Long,DEPT012,PARTTIME,4859154,0.05,2021-12-18,ACTIVE
EMP0373,Hoang Thao,DEPT013,FULLTIME,13227503,0.1,2020-09-21,ACTIVE
EMP0374,Phan Nhung,DEPT014,FULLTIME,14737885,0.1,2022-07-15,ACTIVE
EMP0375,Pham Nam,DEPT015,PARTTIME,6099692,0.05,2020-12-18,ACTIVE
EMP0376,Do Nhung,DEPT016,PARTTIME,4904991,0.05,2019-12-08,ACTIVE
EMP0377,Vu Dung,DEPT017,FULLTIME,19736695,0.1,2021-09-26,ACTIVE
EMP0378,Vo Mai,DEPT018,PARTTIME,5549909,0.05,2023-10-24,ACTIVE
EMP0379,Dinh Dung,DEPT019,PARTTIME,8702132,0.05,2021-03-01,ACTIVE
EMP0380,Dinh Lan,DEPT020,PARTTIME,4059848,0.05,2021-10-17,ACTIVE
EMP0381,Nguyen Linh,DEPT001,FULLTIME,18521567,0.1,2020-06-26,ACTIVE
EMP0382,Phan Mai,DEPT002,FULLTIME,14813359,0.1,2020-12-04,ACTIVE
EMP0383,Dang Khoa,DEPT003,PARTTIME,6328446,0.05,2023-09-19,ACTIVE
EMP0384,Dang Phuc,DEPT004,PARTTIME,9926870,0.05,2022-05-23,ACTIVE
EMP0385,Duong Duc,DEPT005,PARTTIME,6877333,0.05,2021-11-29,ACTIVE
EMP0386,Vo Long,DEPT006,PARTTIME,8055786,0.05,2022-08-07,ACTIVE
EMP0387,Bui Khanh,DEPT007,FULLTIME,15927963,0.1,2021-02-01,ACTIVE
EMP0388,Vu Huong,DEPT008,PARTTIME,4516758,0.05,2021-06-10,ACTIVE
EMP0389,Do Tuan,DEPT009,PARTTIME,4910751,0.05,2019-05-25,ACTIVE
EMP0390,Hoang Anh,DEPT010,PARTTIME,6070720,0.05,2023-02-23,ACTIVE
EMP0391,Huynh Dung,DEPT011,FULLTIME,19393043,0.1,2021-07-03,ACTIVE
EMP0392,Huynh Anh,DEPT012,FULLTIME,14573804,0.1,2023-11-14,ACTIVE
EMP0393,Huynh Nam,DEPT013,PARTTIME,7180009,0.05,2019-07-23,ACTIVE
EMP0394,Hoang Thao,DEPT014,FULLTIME,11835717,0.1,2022-07-09,ACTIVE
EMP0395,Ngo Huy,DEPT015,PARTTIME,5027654,0.05,2019-01-05,ACTIVE
EMP0396,Dang Minh,DEPT016,FULLTIME,14059911,0.1,2023-08-30,ACTIVE
EMP0397,Vo Mai,DEPT017,FULLTIME,11419948,0.1,2020-03-03,ACTIVE
EMP0398,Tran Khanh,DEPT018,PARTTIME,8564650,0.05,2023-03-12,ACTIVE
EMP0399,Huynh Thu,DEPT019,PARTTIME,4919074,0.05,2020-02-28,ACTIVE
EMP0400,Dang Linh,DEPT020,FULLTIME,15574956,0.1,2020-01-14,ACTIVE
EMP0401,Dang Huong,DEPT001,FULLTIME,11271930,0.1,2023-10-16,ACTIVE
EMP0402,Hoang Trang,DEPT002,PARTTIME,6278306,0.05,2019-05-01,ACTIVE
EMP0403,Ly Dung,DEPT003,PARTTIME,8140159,0.05,2021-05-10,ACTIVE
EMP0404,Pham Lan,DEPT004,PARTTIME,6181938,0.05,2019-05-23,ACTIVE
EMP0405,Ngo Mai,DEPT005,PARTTIME,8265319,0.05,2021-09-12,ACTIVE
EMP0406,Le Minh,DEPT006,PARTTIME,6021215,0.05,2023-06-10,ACTIVE
EMP0407,Pham Khoa,DEPT007,FULLTIME,9562391,0.1,2021-02-05,ACTIVE
EMP0408,Nguyen Khanh,DEPT008,PARTTIME,9657993,0.05,2022-08-20,ACTIVE
EMP0409,Ly Nhung,DEPT009,PARTTIME,7173970,0.05,2019-01-27,ACTIVE
EMP0410,Ngo Ha,DEPT010,PARTTIME,4006201,0.05,2021-10-19,ACTIVE
EMP0411,Ly Nam,DEPT011,FULLTIME,11986338,0.1,2020-10-31,ACTIVE
EMP0412,Dinh Thu,DEPT012,FULLTIME,10337783,0.1,2019-08-16,ACTIVE
EMP0413,Huynh Dung,DEPT013,FULLTIME,19353682,0.1,2023-05-23,ACTIVE
EMP0414,Ho Khanh,DEPT014,FULLTIME,18041325,0.1,2021-04-17,ACTIVE
EMP0415,Le Phuc,DEPT015,FULLTIME,17049102,0.1,2020-09-06,ACTIVE
EMP0416,Dang Thu,DEPT016,FULLTIME,15830753,0.1,2021-03-25,ACTIVE
EMP0417,Le Quan,DEPT017,PARTTIME,4567740,0.05,2019-05-19,ACTIVE
EMP0418,Tran Duc,DEPT018,PARTTIME,8360446,0.05,2021-09-12,ACTIVE
EMP0419,Trinh Thu,DEPT019,FULLTIME,8932572,0.1,2021-06-17,ACTIVE
EMP0420,Dinh Thao,DEPT020,FULLTIME,18965441,0.1,2022-12-27,ACTIVE
EMP0421,Pham Ha,DEPT001,PARTTIME,6038993,0.05,2021-10-17,ACTIVE
EMP0422,Ho Viet,DEPT002,FULLTIME,11928379,0.1,2022-11-29,ACTIVE
EMP0423,Phan Tuan,DEPT003,PARTTIME,8904471,0.05,2022-06-18,ACTIVE
EMP0424,Nguyen Linh,DEPT004,FULLTIME,14046778,0.1,2022-07-25,ACTIVE
EMP0425,Ly Duc,DEPT005,FULLTIME,19261190,0.1,2019-12-30,ACTIVE
EMP0426,Dinh Viet,DEPT006,FULLTIME,14308700,0.1,2020-01-20,ACTIVE
EMP0427,Huynh Thu,DEPT007,PARTTIME,4447342,0.05,2020-11-20,ACTIVE
EMP0428,Vo Ha,DEPT008,FULLTIME,10717893,0.1,2020-03-08,ACTIVE
EMP0429,Phan Nam,DEPT009,PARTTIME,8344044,0.05,2022-12-26,ACTIVE
EMP0430,Duong Ngoc,DEPT010,FULLTIME,16617674,0.1,2023-12-20,ACTIVE
EMP0431,Vo Viet,DEPT011,PARTTIME,4566002,0.05,2023-06-01,ACTIVE
EMP0432,Le Minh,DEPT012,FULLTIME,9356167,0.1,2020-07-27,ACTIVE
EMP0433,Tran Mai,DEPT013,FULLTIME,17511486,0.1,2020-02-28,ACTIVE
EMP0434,Bui Linh,DEPT014,FULLTIME,13003257,0.1,2019-08-12,ACTIVE
EMP0435,Nguyen Thu,DEPT015,PARTTIME,6255082,0.05,2020-05-05,ACTIVE
EMP0436,Ho Khanh,DEPT016,FULLTIME,8406465,0.1,2020-08-14,ACTIVE
EMP0437,Dang Thao,DEPT017,FULLTIME,18657417,0.1,2022-09-24,ACTIVE
EMP0438,Duong Khanh,DEPT018,PARTTIME,7805940,0.05,2022-08-02,ACTIVE
EMP0439,Phan Ha,DEPT019,PARTTIME,8957266,0.05,2019-06-29,ACTIVE
EMP0440,Tran Nam,DEPT020,PARTTIME,9674084,0.05,2022-05-20,ACTIVE
EMP0441,Vu Tuan,DEPT001,FULLTIME,12348534,0.1,2021-05-19,ACTIVE
EMP0442,Vu Huong,DEPT002,FULLTIME,13684342,0.1,2022-10-06,ACTIVE
EMP0443,Hoang Minh,DEPT003,FULLTIME,12634738,0.1,2022-12-12,ACTIVE
EMP0444,Vo Lan,DEPT004,PARTTIME,6608702,0.05,2021-01-11,ACTIVE
EMP0445,Ngo Nam,DEPT005,FULLTIME,16418740,0.1,2019-04-20,ACTIVE
EMP0446,Ho Long,DEPT006,PARTTIME,8475568,0.05,2023-07-28,ACTIVE
EMP0447,Dinh Thao,DEPT007,FULLTIME,17171739,0.1,2023-03-16,ACTIVE
EMP0448,Ngo Nam,DEPT008,FULLTIME,16874581,0.1,2019-05-17,ACTIVE
EMP0449,Vu Dung,DEPT009,FULLTIME,15014657,0.1,2021-05-10,ACTIVE
EMP0450,Pham Trang,DEPT010,FULLTIME,11147435,0.1,2020-09-29,ACTIVE
EMP0451,Ho Ha,DEPT011,PARTTIME,6405758,0.05,2020-04-28,ACTIVE
EMP0452,Pham Khanh,DEPT012,FULLTIME,17703374,0.1,2020-11-21,ACTIVE
EMP0453,Duong Huy,DEPT013,PARTTIME,6003032,0.05,2023-05-27,ACTIVE
EMP0454,Huynh Linh,DEPT014,FULLTIME,17268299,0.1,2022-12-04,ACTIVE
EMP0455,Vo Thao,DEPT015,PARTTIME,4065702,0.05,2020-03-02,ACTIVE
EMP0456,Nguyen Quan,DEPT016,FULLTIME,16231434,0.1,2023-05-10,ACTIVE
EMP0457,Dinh Duc,DEPT017,FULLTIME,10343477,0.1,2022-12-18,ACTIVE
EMP0458,Dinh Thao,DEPT018,PARTTIME,5768430,0.05,2020-03-23,ACTIVE
EMP0459,Ngo Khanh,DEPT019,PARTTIME,6186644,0.05,2019-04-13,ACTIVE
EMP0460,Vo Mai,DEPT020,PARTTIME,9184079,0.05,2019-06-21,ACTIVE
EMP0461,Ly Ngoc,DEPT001,FULLTIME,10727045,0.1,2023-11-11,ACTIVE
EMP0462,Pham Nam,DEPT002,PARTTIME,7898800,0.05,2022-07-23,ACTIVE
EMP0463,Hoang Thu,DEPT003,FULLTIME,10508025,0.1,2021-05-04,ACTIVE
EMP0464,Phan Dung,DEPT004,PARTTIME,9399325,0.05,2021-10-12,ACTIVE
EMP0465,Hoang Viet,DEPT005,FULLTIME,17605545,0.1,2022-06-01,ACTIVE
EMP0466,Huynh Dung,DEPT006,PARTTIME,7060684,0.05,2023-09-08,ACTIVE
EMP0467,Trinh Linh,DEPT007,PARTTIME,9917199,0.05,2022-02-23,ACTIVE
EMP0468,Bui Duc,DEPT008,FULLTIME,19391781,0.1,2021-07-12,ACTIVE
EMP0469,Ngo Khoa,DEPT009,PARTTIME,7926185,0.05,2023-06-17,ACTIVE
EMP0470,Ho Long,DEPT010,FULLTIME,19011360,0.1,2022-09-20,ACTIVE
EMP0471,Pham Thao,DEPT011,FULLTIME,18174993,0.1,2020-03-01,ACTIVE
EMP0472,Le Khoa,DEPT012,FULLTIME,13929042,0.1,2023-04-11,ACTIVE
EMP0473,Hoang Ha,DEPT013,FULLTIME,14500727,0.1,2022-10-09,ACTIVE
EMP0474,Duong Viet,DEPT014,FULLTIME,12524237,0.1,2020-05-07,ACTIVE
EMP0475,Phan Bao,DEPT015,FULLTIME,10028250,0.1,2022-02-08,ACTIVE
EMP0476,Bui Bao,DEPT016,FULLTIME,10524547,0.1,2019-08-26,ACTIVE
EMP0477,Bui Thao,DEPT017,FULLTIME,9193817,0.1,2022-04-11,ACTIVE
EMP0478,Vo Anh,DEPT018,PARTTIME,9944826,0.05,2022-03-09,ACTIVE
EMP0479,Ho Mai,DEPT019,FULLTIME,12338970,0.1,2023-03-10,ACTIVE
EMP0480,Hoang Duc,DEPT020,PARTTIME,8823638,0.05,2022-05-12,ACTIVE
EMP0481,Tran Nam,DEPT001,PARTTIME,6152568,0.05,2023-12-21,ACTIVE
EMP0482,Ho Minh,DEPT002,FULLTIME,9879732,0.1,2019-02-20,ACTIVE
EMP0483,Ho Lan,DEPT003,FULLTIME,12006451,0.1,2023-04-01,ACTIVE
EMP0484,Tran Mai,DEPT004,FULLTIME,11845282,0.1,2023-07-31,ACTIVE
EMP0485,Hoang Anh,DEPT005,FULLTIME,11705095,0.1,2019-10-24,ACTIVE
EMP0486,Bui Linh,DEPT006,FULLTIME,12676596,0.1,2019-02-26,ACTIVE
EMP0487,Dinh Nam,DEPT007,PARTTIME,9256371,0.05,2022-08-10,ACTIVE
EMP0488,Le Thao,DEPT008,FULLTIME,14627841,0.1,2021-07-10,ACTIVE
EMP0489,Le Huong,DEPT009,PARTTIME,7498764,0.05,2020-09-07,ACTIVE
EMP0490,Ho Minh,DEPT010,FULLTIME,19917757,0.1,2019-03-22,ACTIVE
EMP0491,Huynh Tuan,DEPT011,FULLTIME,12550379,0.1,2022-09-20,ACTIVE
EMP0492,Dang Dung,DEPT012,FULLTIME,9492999,0.1,2023-05-02,ACTIVE
EMP0493,Trinh Minh,DEPT013,PARTTIME,5233739,0.05,2019-12-08,ACTIVE
EMP0494,Le Trang,DEPT014,FULLTIME,14179424,0.1,2022-09-16,ACTIVE
EMP0495,Dang Viet,DEPT015,PARTTIME,6638636,0.05,2019-02-03,ACTIVE
EMP0496,Huynh Bao,DEPT016,FULLTIME,9470227,0.1,2021-11-25,ACTIVE
EMP0497,Duong Nhung,DEPT017,FULLTIME,8150481,0.1,2020-04-08,ACTIVE
EMP0498,Tran Thu,DEPT018,FULLTIME,16832093,0.1,2021-03-01,ACTIVE
EMP0499,Tran Trang,DEPT019,FULLTIME,10711842,0.1,2021-04-12,ACTIVE
EMP0500,Huynh Tuan,DEPT020,FULLTIME,13896641,0.1,2022-05-05,ACTIVE
EMP0501,Ngo Nam,DEPT001,FULLTIME,16444188,0.1,2022-11-09,ACTIVE
EMP0502,Phan Duc,DEPT002,PARTTIME,6902632,0.05,2023-05-15,ACTIVE
EMP0503,Nguyen Phuc,DEPT003,PARTTIME,5033289,0.05,2021-12-25,ACTIVE
EMP0504,Trinh Ngoc,DEPT004,PARTTIME,6386425,0.05,2019-03-10,ACTIVE
EMP0505,Bui Linh,DEPT005,FULLTIME,12097256,0.1,2019-12-14,ACTIVE
EMP0506,Phan Nhung,DEPT006,FULLTIME,13682949,0.1,2020-05-22,ACTIVE
EMP0507,Ly Thu,DEPT007,PARTTIME,4430349,0.05,2022-10-14,ACTIVE
EMP0508,Hoang Thu,DEPT008,FULLTIME,13245096,0.1,2022-11-07,ACTIVE
EMP0509,Huynh Huong,DEPT009,PARTTIME,9761429,0.05,2020-11-24,ACTIVE
EMP0510,Dang Ha,DEPT010,FULLTIME,8808657,0.1,2019-04-10,ACTIVE
EMP0511,Dinh Trang,DEPT011,FULLTIME,13425406,0.1,2022-08-10,ACTIVE
EMP0512,Ly Tuan,DEPT012,FULLTIME,11239945,0.1,2020-11-11,ACTIVE
EMP0513,Hoang Thu,DEPT013,PARTTIME,6535733,0.05,2022-08-24,ACTIVE
EMP0514,Vo Long,DEPT014,PARTTIME,4305886,0.05,2020-03-02,ACTIVE
EMP0515,Do Trang,DEPT015,FULLTIME,17939889,0.1,2020-06-28,ACTIVE
EMP0516,Le Lan,DEPT016,PARTTIME,4533023,0.05,2023-04-23,ACTIVE
EMP0517,Dang Ngoc,DEPT017,PARTTIME,6180019,0.05,2021-08-19,ACTIVE
EMP0518,Hoang Bao,DEPT018,FULLTIME,19199931,0.1,2020-06-15,ACTIVE
EMP0519,Tran Anh,DEPT019,FULLTIME,14991155,0.1,2022-02-23,ACTIVE
EMP0520,Ho Huy,DEPT020,PARTTIME,5069249,0.05,2021-12-22,ACTIVE
EMP0521,Pham Linh,DEPT001,PARTTIME,5391517,0.05,2020-07-16,ACTIVE
EMP0522,Le Khanh,DEPT002,FULLTIME,15450766,0.1,2022-01-22,ACTIVE
EMP0523,Pham Bao,DEPT003,FULLTIME,17426727,0.1,2021-07-26,ACTIVE
EMP0524,Bui Mai,DEPT004,PARTTIME,9563730,0.05,2022-07-19,ACTIVE
EMP0525,Ngo Viet,DEPT005,FULLTIME,19276947,0.1,2023-10-17,ACTIVE
EMP0526,Bui Bao,DEPT006,FULLTIME,13857502,0.1,2023-04-17,ACTIVE
EMP0527,Phan Thu,DEPT007,FULLTIME,8350335,0.1,2022-05-30,ACTIVE
EMP0528,Duong Anh,DEPT008,PARTTIME,8117772,0.05,2021-03-05,ACTIVE
EMP0529,Do Ha,DEPT009,FULLTIME,19966280,0.1,2019-08-29,ACTIVE
EMP0530,Duong Ngoc,DEPT010,PARTTIME,6956657,0.05,2022-09-09,ACTIVE
EMP0531,Duong Thu,DEPT011,FULLTIME,11254743,0.1,2019-05-06,ACTIVE
EMP0532,Trinh Long,DEPT012,FULLTIME,10064632,0.1,2020-03-07,ACTIVE
EMP0533,Nguyen Long,DEPT013,FULLTIME,10393397,0.1,2022-12-08,ACTIVE
EMP0534,Vu Nam,DEPT014,FULLTIME,18351310,0.1,2020-10-18,ACTIVE
EMP0535,Nguyen Nhung,DEPT015,PARTTIME,4793070,0.05,2021-08-27,ACTIVE
EMP0536,Huynh Thao,DEPT016,PARTTIME,5474813,0.05,2022-10-14,ACTIVE
EMP0537,Phan Khanh,DEPT017,FULLTIME,15263710,0.1,2019-10-12,ACTIVE
EMP0538,Do Ha,DEPT018,FULLTIME,8327648,0.1,2023-04-09,ACTIVE
EMP0539,Do Huong,DEPT019,PARTTIME,9291967,0.05,2020-07-20,ACTIVE
EMP0540,Huynh Ngoc,DEPT020,FULLTIME,18339474,0.1,2023-09-19,ACTIVE
EMP0541,Dinh Tuan,DEPT001,PARTTIME,9487805,0.05,2021-05-08,ACTIVE
EMP0542,Ho Trang,DEPT002,FULLTIME,12478264,0.1,2020-09-12,ACTIVE
EMP0543,Do Anh,DEPT003,FULLTIME,16845244,0.1,2021-01-03,ACTIVE
EMP0544,Bui Duc,DEPT004,FULLTIME,18737553,0.1,2020-08-05,ACTIVE
EMP0545,Ho Duc,DEPT005,PARTTIME,6888396,0.05,2022-01-08,ACTIVE
EMP0546,Dang Bao,DEPT006,FULLTIME,9663213,0.1,2022-01-23,ACTIVE
EMP0547,Ngo Thu,DEPT007,FULLTIME,9891499,0.1,2020-11-13,ACTIVE
EMP0548,Phan Ngoc,DEPT008,PARTTIME,5971626,0.05,2023-05-17,ACTIVE
EMP0549,Nguyen Trang,DEPT009,FULLTIME,11242543,0.1,2022-06-08,ACTIVE
EMP0550,Phan Nam,DEPT010,FULLTIME,11624482,0.1,2023-07-21,ACTIVE
EMP0551,Dinh Huong,DEPT011,FULLTIME,10597529,0.1,2019-05-01,ACTIVE
EMP0552,Vo Phuc,DEPT012,PARTTIME,5699057,0.05,2023-10-22,ACTIVE
EMP0553,Le Viet,DEPT013,FULLTIME,8298238,0.1,2019-08-31,ACTIVE
EMP0554,Bui Ngoc,DEPT014,PARTTIME,4905892,0.05,2023-12-14,ACTIVE
EMP0555,Nguyen Khoa,DEPT015,PARTTIME,4392699,0.05,2020-06-23,ACTIVE
EMP0556,Do Lan,DEPT016,PARTTIME,9128212,0.05,2020-02-23,ACTIVE
EMP0557,Ngo Ha,DEPT017,FULLTIME,8021552,0.1,2020-02-10,ACTIVE
EMP0558,Nguyen Long,DEPT018,FULLTIME,18903854,0.1,2021-07-04,ACTIVE
EMP0559,Vo Mai,DEPT019,PARTTIME,9481445,0.05,2021-04-29,ACTIVE
EMP0560,Dang Thao,DEPT020,PARTTIME,7159597,0.05,2019-03-11,ACTIVE
EMP0561,Tran Lan,DEPT001,PARTTIME,8969507,0.05,2020-08-15,ACTIVE
EMP0562,Duong Linh,DEPT002,FULLTIME,18008523,0.1,2023-03-27,ACTIVE
EMP0563,Duong Viet,DEPT003,PARTTIME,7469538,0.05,2020-10-08,ACTIVE
EMP0564,Trinh Mai,DEPT004,PARTTIME,9511984,0.05,2023-10-06,ACTIVE
EMP0565,Vo Lan,DEPT005,PARTTIME,9055817,0.05,2019-06-30,ACTIVE
EMP0566,Huynh Thu,DEPT006,PARTTIME,4659416,0.05,2020-04-03,ACTIVE
EMP0567,Huynh Dung,DEPT007,PARTTIME,5789555,0.05,2019-10-18,ACTIVE
EMP0568,Trinh Nhung,DEPT008,FULLTIME,8803713,0.1,2022-04-30,ACTIVE
EMP0569,Ly Ha,DEPT009,PARTTIME,8215405,0.05,2021-01-14,ACTIVE
EMP0570,Huynh Nam,DEPT010,FULLTIME,17886243,0.1,2020-09-28,ACTIVE
EMP0571,Trinh Linh,DEPT011,PARTTIME,6694563,0.05,2022-07-03,ACTIVE
EMP0572,Le Linh,DEPT012,PARTTIME,4915109,0.05,2020-07-22,ACTIVE
EMP0573,Dang Quan,DEPT013,FULLTIME,18464548,0.1,2023-09-29,ACTIVE
EMP0574,Phan Ngoc,DEPT014,FULLTIME,16387251,0.1,2020-10-19,ACTIVE
EMP0575,Do Phuc,DEPT015,FULLTIME,12381000,0.1,2022-08-11,ACTIVE
EMP0576,Tran Viet,DEPT016,PARTTIME,8552211,0.05,2023-01-08,ACTIVE
EMP0577,Tran Linh,DEPT017,FULLTIME,10477776,0.1,2021-04-25,ACTIVE
EMP0578,Nguyen Tuan,DEPT018,PARTTIME,4355876,0.05,2022-07-31,ACTIVE
EMP0579,Vo Khoa,DEPT019,PARTTIME,8825300,0.05,2020-07-14,ACTIVE
EMP0580,Dinh Khoa,DEPT020,PARTTIME,8357159,0.05,2023-10-22,ACTIVE
EMP0581,Pham Thu,DEPT001,FULLTIME,14820559,0.1,2020-04-16,ACTIVE
EMP0582,Vu Thu,DEPT002,FULLTIME,10378671,0.1,2022-12-15,ACTIVE
EMP0583,Dinh Huong,DEPT003,FULLTIME,16912090,0.1,2023-07-02,ACTIVE
EMP0584,Trinh Minh,DEPT004,FULLTIME,9828402,0.1,2020-03-15,ACTIVE
EMP0585,Nguyen Quan,DEPT005,PARTTIME,8028865,0.05,2020-08-09,ACTIVE
EMP0586,Vu Bao,DEPT006,FULLTIME,17331268,0.1,2023-06-27,ACTIVE
EMP0587,Hoang Tuan,DEPT007,FULLTIME,14188445,0.1,2021-06-13,ACTIVE
EMP0588,Vu Phuc,DEPT008,FULLTIME,12176177,0.1,2021-06-15,ACTIVE
EMP0589,Huynh Thao,DEPT009,PARTTIME,5990134,0.05,2021-10-16,ACTIVE
EMP0590,Trinh Nhung,DEPT010,FULLTIME,18292821,0.1,2022-03-08,ACTIVE
EMP0591,Tran Huong,DEPT011,FULLTIME,19393363,0.1,2019-09-15,ACTIVE
EMP0592,Ho Thu,DEPT012,FULLTIME,17098265,0.1,2019-04-22,ACTIVE
EMP0593,Vo Viet,DEPT013,FULLTIME,14543734,0.1,2019-06-17,ACTIVE
EMP0594,Vo Ha,DEPT014,PARTTIME,9709233,0.05,2022-01-28,ACTIVE
EMP0595,Dinh Viet,DEPT015,PARTTIME,5051640,0.05,2022-09-01,ACTIVE
EMP0596,Do Khanh,DEPT016,PARTTIME,8498251,0.05,2023-11-20,ACTIVE
EMP0597,Ngo Khoa,DEPT017,FULLTIME,12235818,0.1,2020-08-27,ACTIVE
EMP0598,Vo Thao,DEPT018,PARTTIME,6721544,0.05,2020-03-31,ACTIVE
EMP0599,Ngo Trang,DEPT019,FULLTIME,11371085,0.1,2020-12-21,ACTIVE
EMP0600,Tran Linh,DEPT020,PARTTIME,5310889,0.05,2020-04-26,ACTIVE
EMP0601,Ngo Khoa,DEPT001,PARTTIME,6330281,0.05,2022-04-08,ACTIVE
EMP0602,Dinh Phuc,DEPT002,FULLTIME,13628305,0.1,2023-10-01,ACTIVE
EMP0603,Ly Ha,DEPT003,PARTTIME,8705903,0.05,2020-09-07,ACTIVE
EMP0604,Pham Ha,DEPT004,FULLTIME,12526661,0.1,2021-07-26,ACTIVE
EMP0605,Do Thu,DEPT005,FULLTIME,12488223,0.1,2020-08-21,ACTIVE
EMP0606,Ly Huy,DEPT006,FULLTIME,13801286,0.1,2023-03-23,ACTIVE
EMP0607,Nguyen Khoa,DEPT007,PARTTIME,7235605,0.05,2019-11-02,ACTIVE
EMP0608,Vu Mai,DEPT008,PARTTIME,8108722,0.05,2021-07-08,ACTIVE
EMP0609,Tran Phuc,DEPT009,PARTTIME,4110166,0.05,2022-02-20,ACTIVE
EMP0610,Do Mai,DEPT010,FULLTIME,8882376,0.1,2023-06-11,ACTIVE
EMP0611,Bui Dung,DEPT011,FULLTIME,15388642,0.1,2021-11-30,ACTIVE
EMP0612,Pham Long,DEPT012,PARTTIME,4758394,0.05,2022-11-16,ACTIVE
EMP0613,Bui Mai,DEPT013,PARTTIME,8389095,0.05,2023-10-05,ACTIVE
EMP0614,Le Dung,DEPT014,FULLTIME,14324709,0.1,2021-01-08,ACTIVE
EMP0615,Pham Minh,DEPT015,FULLTIME,17188201,0.1,2019-06-22,ACTIVE
EMP0616,Dang Khoa,DEPT016,PARTTIME,5226923,0.05,2019-03-15,ACTIVE
EMP0617,Duong Phuc,DEPT017,PARTTIME,7942906,0.05,2019-05-05,ACTIVE
EMP0618,Vu Huong,DEPT018,FULLTIME,9733042,0.1,2020-04-08,ACTIVE
EMP0619,Ho Thu,DEPT019,PARTTIME,6197184,0.05,2021-11-30,ACTIVE
EMP0620,Ly Nhung,DEPT020,FULLTIME,18050957,0.1,2023-07-14,ACTIVE
EMP0621,Ho Phuc,DEPT001,FULLTIME,13012025,0.1,2020-12-21,ACTIVE
EMP0622,Phan Thu,DEPT002,FULLTIME,16691798,0.1,2019-04-04,ACTIVE
EMP0623,Ngo Nhung,DEPT003,PARTTIME,4952764,0.05,2022-04-30,ACTIVE
EMP0624,Ho Linh,DEPT004,PARTTIME,6177140,0.05,2023-04-07,ACTIVE
EMP0625,Le Dung,DEPT005,FULLTIME,18567508,0.1,2020-04-03,ACTIVE
EMP0626,Hoang Ngoc,DEPT006,PARTTIME,5940324,0.05,2022-05-08,ACTIVE
EMP0627,Ho Minh,DEPT007,FULLTIME,17474763,0.1,2021-08-31,ACTIVE
EMP0628,Nguyen Linh,DEPT008,FULLTIME,17987118,0.1,2021-01-18,ACTIVE
EMP0629,Dang Nhung,DEPT009,FULLTIME,19432110,0.1,2023-07-24,ACTIVE
EMP0630,Phan Nhung,DEPT010,PARTTIME,5881316,0.05,2021-09-21,ACTIVE
EMP0631,Bui Minh,DEPT011,PARTTIME,7436527,0.05,2020-10-14,ACTIVE
EMP0632,Vu Mai,DEPT012,FULLTIME,16903066,0.1,2023-02-04,ACTIVE
EMP0633,Dang Lan,DEPT013,FULLTIME,12638374,0.1,2020-11-22,ACTIVE
EMP0634,Dinh Phuc,DEPT014,PARTTIME,4350831,0.05,2022-02-19,ACTIVE
EMP0635,Bui Tuan,DEPT015,FULLTIME,19423062,0.1,2023-11-27,ACTIVE
EMP0636,Huynh Huy,DEPT016,FULLTIME,19730646,0.1,2023-08-01,ACTIVE
EMP0637,Duong Nam,DEPT017,FULLTIME,8286976,0.1,2021-08-28,ACTIVE
EMP0638,Duong Nhung,DEPT018,FULLTIME,12659445,0.1,2020-10-14,ACTIVE
EMP0639,Dinh Mai,DEPT019,PARTTIME,6638359,0.05,2022-09-09,ACTIVE
EMP0640,Hoang Huong,DEPT020,PARTTIME,8713363,0.05,2022-06-22,ACTIVE
EMP0641,Vo Bao,DEPT001,PARTTIME,4917106,0.05,2023-02-01,ACTIVE
EMP0642,Huynh Bao,DEPT002,PARTTIME,9368733,0.05,2023-11-07,ACTIVE
EMP0643,Dinh Trang,DEPT003,FULLTIME,14665096,0.1,2019-05-28,ACTIVE
EMP0644,Tran Thao,DEPT004,FULLTIME,13373958,0.1,2019-05-12,ACTIVE
EMP0645,Pham Mai,DEPT005,PARTTIME,5926731,0.05,2023-01-23,ACTIVE
EMP0646,Ho Nam,DEPT006,FULLTIME,15533640,0.1,2021-12-07,ACTIVE
EMP0647,Phan Khoa,DEPT007,FULLTIME,13956795,0.1,2019-11-24,ACTIVE
EMP0648,Ho Huong,DEPT008,FULLTIME,16228733,0.1,2021-02-18,ACTIVE
EMP0649,Ngo Duc,DEPT009,FULLTIME,11122239,0.1,2020-12-09,ACTIVE
EMP0650,Pham Long,DEPT010,PARTTIME,5434033,0.05,2023-11-19,ACTIVE
EMP0651,Do Duc,DEPT011,FULLTIME,16195864,0.1,2019-09-08,ACTIVE
EMP0652,Huynh Viet,DEPT012,FULLTIME,18160012,0.1,2021-04-15,ACTIVE
EMP0653,Ho Viet,DEPT013,FULLTIME,16519246,0.1,2023-03-15,ACTIVE
EMP0654,Trinh Viet,DEPT014,PARTTIME,7373493,0.05,2023-11-07,ACTIVE
EMP0655,Ho Linh,DEPT015,PARTTIME,9742356,0.05,2022-01-13,ACTIVE
EMP0656,Nguyen Bao,DEPT016,PARTTIME,9981283,0.05,2021-01-20,ACTIVE
EMP0657,Dang Phuc,DEPT017,PARTTIME,6005203,0.05,2022-11-19,ACTIVE
EMP0658,Ngo Huong,DEPT018,FULLTIME,13167147,0.1,2020-06-26,ACTIVE
EMP0659,Huynh Anh,DEPT019,FULLTIME,10249232,0.1,2020-02-27,ACTIVE
EMP0660,Pham Khanh,DEPT020,PARTTIME,4986302,0.05,2021-04-03,ACTIVE
EMP0661,Ho Nam,DEPT001,PARTTIME,6239529,0.05,2022-01-03,ACTIVE
EMP0662,Bui Nhung,DEPT002,FULLTIME,11445999,0.1,2021-05-30,ACTIVE
EMP0663,Trinh Long,DEPT003,FULLTIME,9764045,0.1,2019-10-14,ACTIVE
EMP0664,Dinh Mai,DEPT004,FULLTIME,14175223,0.1,2022-05-01,ACTIVE
EMP0665,Bui Mai,DEPT005,FULLTIME,9535095,0.1,2022-08-25,ACTIVE
EMP0666,Dinh Ngoc,DEPT006,PARTTIME,9394305,0.05,2021-02-20,ACTIVE
EMP0667,Duong Tuan,DEPT007,FULLTIME,11960844,0.1,2020-09-18,ACTIVE
EMP0668,Ngo Duc,DEPT008,FULLTIME,14485436,0.1,2021-01-04,ACTIVE
EMP0669,Vo Nam,DEPT009,PARTTIME,9768733,0.05,2020-04-14,ACTIVE
EMP0670,Vo Phuc,DEPT010,FULLTIME,15123653,0.1,2021-05-30,ACTIVE
EMP0671,Ly Minh,DEPT011,FULLTIME,18805059,0.1,2023-07-21,ACTIVE
EMP0672,Ly Khanh,DEPT012,PARTTIME,9367897,0.05,2022-03-03,ACTIVE
EMP0673,Vu Nhung,DEPT013,PARTTIME,8993592,0.05,2022-10-28,ACTIVE
EMP0674,Trinh Bao,DEPT014,PARTTIME,7703910,0.05,2022-04-13,ACTIVE
EMP0675,Le Ngoc,DEPT015,PARTTIME,8050042,0.05,2023-05-16,ACTIVE
EMP0676,Pham Tuan,DEPT016,PARTTIME,9808689,0.05,2020-12-11,ACTIVE
EMP0677,Trinh Ha,DEPT017,PARTTIME,9554512,0.05,2019-08-12,ACTIVE
EMP0678,Ho Bao,DEPT018,FULLTIME,15203932,0.1,2020-01-15,ACTIVE
EMP0679,Le Anh,DEPT019,PARTTIME,7000388,0.05,2020-01-23,ACTIVE
EMP0680,Trinh Khoa,DEPT020,PARTTIME,7820622,0.05,2023-10-18,ACTIVE
EMP0681,Ngo Duc,DEPT001,FULLTIME,9736738,0.1,2021-10-23,ACTIVE
EMP0682,Vu Viet,DEPT002,PARTTIME,6633606,0.05,2023-08-15,ACTIVE
EMP0683,Trinh Ha,DEPT003,PARTTIME,7725913,0.05,2023-12-30,ACTIVE
EMP0684,Nguyen Anh,DEPT004,FULLTIME,19787282,0.1,2023-03-25,ACTIVE
EMP0685,Ngo Ha,DEPT005,FULLTIME,18956936,0.1,2020-02-20,ACTIVE
EMP0686,Phan Khoa,DEPT006,PARTTIME,6387062,0.05,2019-07-25,ACTIVE
EMP0687,Hoang Lan,DEPT007,PARTTIME,5013073,0.05,2023-10-29,ACTIVE
EMP0688,Hoang Dung,DEPT008,FULLTIME,13710729,0.1,2019-02-15,ACTIVE
EMP0689,Ngo Huy,DEPT009,FULLTIME,18802565,0.1,2020-04-28,ACTIVE
EMP0690,Duong Dung,DEPT010,PARTTIME,4401224,0.05,2019-12-17,ACTIVE
EMP0691,Duong Nhung,DEPT011,PARTTIME,8526715,0.05,2023-09-30,ACTIVE
EMP0692,Nguyen Khanh,DEPT012,FULLTIME,17228509,0.1,2019-03-10,ACTIVE
EMP0693,Vu Thao,DEPT013,PARTTIME,4435053,0.05,2022-09-29,ACTIVE
EMP0694,Bui Nam,DEPT014,PARTTIME,7058989,0.05,2023-06-23,ACTIVE
EMP0695,Vo Lan,DEPT015,PARTTIME,9971165,0.05,2021-10-21,ACTIVE
EMP0696,Hoang Nam,DEPT016,FULLTIME,14721381,0.1,2020-01-08,ACTIVE
EMP0697,Duong Thao,DEPT017,PARTTIME,4427442,0.05,2022-04-21,ACTIVE
EMP0698,Le Thao,DEPT018,FULLTIME,8149130,0.1,2020-04-06,ACTIVE
EMP0699,Do Dung,DEPT019,FULLTIME,15545669,0.1,2019-09-14,ACTIVE
EMP0700,Huynh Viet,DEPT020,FULLTIME,8262362,0.1,2020-08-29,ACTIVE
EMP0701,Do Huong,DEPT001,FULLTIME,15163593,0.1,2022-05-01,ACTIVE
EMP0702,Phan Thu,DEPT002,FULLTIME,8356024,0.1,2019-12-09,ACTIVE
EMP0703,Bui Nam,DEPT003,FULLTIME,17092236,0.1,2023-11-19,ACTIVE
EMP0704,Bui Tuan,DEPT004,FULLTIME,8904872,0.1,2023-08-06,ACTIVE
EMP0705,Duong Ha,DEPT005,PARTTIME,4597436,0.05,2022-10-25,ACTIVE
EMP0706,Dang Duc,DEPT006,FULLTIME,13829992,0.1,2020-03-19,ACTIVE
EMP0707,Ho Mai,DEPT007,PARTTIME,9474412,0.05,2019-11-19,ACTIVE
EMP0708,Ho Huy,DEPT008,FULLTIME,15692765,0.1,2023-12-07,ACTIVE
EMP0709,Tran Huy,DEPT009,PARTTIME,4631881,0.05,2022-04-27,ACTIVE
EMP0710,Dang Phuc,DEPT010,PARTTIME,7178021,0.05,2022-01-30,ACTIVE
EMP0711,Bui Bao,DEPT011,PARTTIME,6960119,0.05,2020-09-19,ACTIVE
EMP0712,Huynh Nhung,DEPT012,PARTTIME,4610881,0.05,2022-06-01,ACTIVE
EMP0713,Hoang Long,DEPT013,FULLTIME,18181048,0.1,2021-12-10,ACTIVE
EMP0714,Trinh Trang,DEPT014,PARTTIME,9877877,0.05,2021-11-13,ACTIVE
EMP0715,Dinh Quan,DEPT015,PARTTIME,5669303,0.05,2022-02-19,ACTIVE
EMP0716,Tran Nam,DEPT016,FULLTIME,8552962,0.1,2020-07-31,ACTIVE
EMP0717,Ly Minh,DEPT017,PARTTIME,9671483,0.05,2021-10-13,ACTIVE
EMP0718,Dinh Duc,DEPT018,FULLTIME,13213597,0.1,2023-10-14,ACTIVE
EMP0719,Trinh Tuan,DEPT019,PARTTIME,8897508,0.05,2022-03-23,ACTIVE
EMP0720,Ho Nam,DEPT020,FULLTIME,12351626,0.1,2020-11-30,ACTIVE
EMP0721,Dang Viet,DEPT001,FULLTIME,16632575,0.1,2021-02-04,ACTIVE
EMP0722,Do Nam,DEPT002,PARTTIME,4573824,0.05,2022-01-04,ACTIVE
EMP0723,Ngo Quan,DEPT003,PARTTIME,6702017,0.05,2022-10-31,ACTIVE
EMP0724,Ho Khanh,DEPT004,FULLTIME,8615152,0.1,2023-07-17,ACTIVE
EMP0725,Pham Tuan,DEPT005,PARTTIME,9810000,0.05,2019-04-19,ACTIVE
EMP0726,Le Huy,DEPT006,PARTTIME,6632355,0.05,2019-01-07,ACTIVE
EMP0727,Phan Quan,DEPT007,PARTTIME,4233488,0.05,2020-12-29,ACTIVE
EMP0728,Ngo Thao,DEPT008,PARTTIME,7196935,0.05,2021-06-20,ACTIVE
EMP0729,Bui Dung,DEPT009,FULLTIME,17054953,0.1,2022-10-29,ACTIVE
EMP0730,Pham Duc,DEPT010,PARTTIME,6957775,0.05,2023-03-10,ACTIVE
EMP0731,Vu Dung,DEPT011,PARTTIME,5103925,0.05,2022-01-03,ACTIVE
EMP0732,Tran Thao,DEPT012,PARTTIME,8838678,0.05,2019-02-16,ACTIVE
EMP0733,Trinh Lan,DEPT013,FULLTIME,10540633,0.1,2021-04-14,ACTIVE
EMP0734,Do Anh,DEPT014,FULLTIME,18840788,0.1,2020-10-04,ACTIVE
EMP0735,Dang Lan,DEPT015,FULLTIME,18898023,0.1,2022-05-14,ACTIVE
EMP0736,Do Trang,DEPT016,PARTTIME,8309925,0.05,2021-02-09,ACTIVE
EMP0737,Do Quan,DEPT017,FULLTIME,10298769,0.1,2022-07-26,ACTIVE
EMP0738,Ho Dung,DEPT018,FULLTIME,13150951,0.1,2019-03-04,ACTIVE
EMP0739,Phan Lan,DEPT019,PARTTIME,6751122,0.05,2023-03-14,ACTIVE
EMP0740,Hoang Khoa,DEPT020,FULLTIME,13770992,0.1,2021-12-02,ACTIVE
EMP0741,Ho Anh,DEPT001,PARTTIME,8633227,0.05,2020-06-09,ACTIVE
EMP0742,Ho Phuc,DEPT002,FULLTIME,18987943,0.1,2020-11-30,ACTIVE
EMP0743,Huynh Duc,DEPT003,FULLTIME,16441544,0.1,2023-11-13,ACTIVE
EMP0744,Phan Phuc,DEPT004,PARTTIME,4165883,0.05,2022-11-19,ACTIVE
EMP0745,Ly Nhung,DEPT005,FULLTIME,9273365,0.1,2020-04-27,ACTIVE
EMP0746,Ho Thu,DEPT006,FULLTIME,8247490,0.1,2023-04-18,ACTIVE
EMP0747,Huynh Thao,DEPT007,FULLTIME,8993766,0.1,2021-11-13,ACTIVE
EMP0748,Le Tuan,DEPT008,FULLTIME,16426050,0.1,2023-07-29,ACTIVE
EMP0749,Pham Huong,DEPT009,PARTTIME,6429500,0.05,2019-08-04,ACTIVE
EMP0750,Le Huong,DEPT010,PARTTIME,8418862,0.05,2021-01-05,ACTIVE
EMP0751,Nguyen Huong,DEPT011,PARTTIME,6913860,0.05,2022-12-10,ACTIVE
EMP0752,Dang Thu,DEPT012,FULLTIME,8683275,0.1,2023-06-11,ACTIVE
EMP0753,Vu Long,DEPT013,PARTTIME,4044116,0.05,2023-06-27,ACTIVE
EMP0754,Ly Trang,DEPT014,PARTTIME,8546198,0.05,2020-09-09,ACTIVE
EMP0755,Ho Linh,DEPT015,FULLTIME,14648724,0.1,2020-11-29,ACTIVE
EMP0756,Do Ngoc,DEPT016,FULLTIME,12001115,0.1,2021-07-22,ACTIVE
EMP0757,Ho Long,DEPT017,PARTTIME,9686437,0.05,2022-11-18,ACTIVE
EMP0758,Vu Nam,DEPT018,FULLTIME,14686291,0.1,2023-05-07,ACTIVE
EMP0759,Trinh Nam,DEPT019,FULLTIME,15151069,0.1,2023-03-31,ACTIVE
EMP0760,Huynh Long,DEPT020,PARTTIME,5783169,0.05,2019-06-06,ACTIVE
EMP0761,Dang Nam,DEPT001,FULLTIME,16743600,0.1,2022-03-03,ACTIVE
EMP0762,Pham Khanh,DEPT002,FULLTIME,19539988,0.1,2022-12-04,ACTIVE
EMP0763,Do Trang,DEPT003,FULLTIME,17923088,0.1,2021-03-20,ACTIVE
EMP0764,Dinh Thao,DEPT004,PARTTIME,5448787,0.05,2022-09-10,ACTIVE
EMP0765,Ngo Quan,DEPT005,FULLTIME,10669856,0.1,2021-02-10,ACTIVE
EMP0766,Le Bao,DEPT006,FULLTIME,10966812,0.1,2019-06-20,ACTIVE
EMP0767,Ngo Long,DEPT007,FULLTIME,13109960,0.1,2019-03-11,ACTIVE
EMP0768,Vu Quan,DEPT008,FULLTIME,12718195,0.1,2022-12-15,ACTIVE
EMP0769,Pham Huong,DEPT009,PARTTIME,6657996,0.05,2020-03-24,ACTIVE
EMP0770,Huynh Phuc,DEPT010,FULLTIME,9063462,0.1,2019-03-07,ACTIVE
EMP0771,Duong Ngoc,DEPT011,PARTTIME,5269663,0.05,2020-11-02,ACTIVE
EMP0772,Vu Minh,DEPT012,PARTTIME,4367564,0.05,2020-07-17,ACTIVE
EMP0773,Phan Huy,DEPT013,FULLTIME,17416041,0.1,2020-04-09,ACTIVE
EMP0774,Vu Khoa,DEPT014,FULLTIME,19080679,0.1,2020-12-30,ACTIVE
EMP0775,Huynh Trang,DEPT015,PARTTIME,4171692,0.05,2020-10-22,ACTIVE
EMP0776,Dinh Thao,DEPT016,FULLTIME,16710943,0.1,2020-08-02,ACTIVE
EMP0777,Vu Tuan,DEPT017,PARTTIME,8741709,0.05,2021-05-18,ACTIVE
EMP0778,Nguyen Minh,DEPT018,PARTTIME,4004784,0.05,2021-02-14,ACTIVE
EMP0779,Ho Lan,DEPT019,PARTTIME,7572506,0.05,2022-11-08,ACTIVE
EMP0780,Huynh Phuc,DEPT020,PARTTIME,4449716,0.05,2019-04-13,ACTIVE
EMP0781,Le Nam,DEPT001,PARTTIME,7218270,0.05,2020-08-25,ACTIVE
EMP0782,Pham Anh,DEPT002,PARTTIME,5404846,0.05,2023-09-27,ACTIVE
EMP0783,Huynh Lan,DEPT003,FULLTIME,12731107,0.1,2023-08-11,ACTIVE
EMP0784,Ngo Linh,DEPT004,FULLTIME,16666672,0.1,2022-03-12,ACTIVE
EMP0785,Tran Trang,DEPT005,PARTTIME,8460954,0.05,2021-12-05,ACTIVE
EMP0786,Trinh Bao,DEPT006,FULLTIME,17047375,0.1,2019-01-27,ACTIVE
EMP0787,Vo Quan,DEPT007,PARTTIME,7500970,0.05,2023-08-10,ACTIVE
EMP0788,Le Nam,DEPT008,PARTTIME,9709569,0.05,2021-06-20,ACTIVE
EMP0789,Bui Viet,DEPT009,PARTTIME,9728832,0.05,2019-07-16,ACTIVE
EMP0790,Nguyen Duc,DEPT010,PARTTIME,7215939,0.05,2019-07-26,ACTIVE
EMP0791,Phan Tuan,DEPT011,PARTTIME,7340726,0.05,2020-01-07,ACTIVE
EMP0792,Le Nam,DEPT012,PARTTIME,4272504,0.05,2021-09-18,ACTIVE
EMP0793,Phan Viet,DEPT013,FULLTIME,8818077,0.1,2019-07-21,ACTIVE
EMP0794,Vu Khoa,DEPT014,PARTTIME,5264669,0.05,2019-08-06,ACTIVE
EMP0795,Ho Trang,DEPT015,FULLTIME,11840010,0.1,2019-04-28,ACTIVE
EMP0796,Do Quan,DEPT016,PARTTIME,5002868,0.05,2019-12-31,ACTIVE
EMP0797,Dinh Linh,DEPT017,FULLTIME,12454770,0.1,2019-12-04,ACTIVE
EMP0798,Huynh Linh,DEPT018,PARTTIME,8187412,0.05,2023-03-20,ACTIVE
EMP0799,Do Minh,DEPT019,FULLTIME,11652258,0.1,2021-06-30,ACTIVE
EMP0800,Pham Khoa,DEPT020,PARTTIME,8114102,0.05,2023-09-30,ACTIVE
EMP0801,Ngo Phuc,DEPT001,FULLTIME,13886593,0.1,2022-11-06,ACTIVE
EMP0802,Phan Dung,DEPT002,FULLTIME,11704426,0.1,2021-07-23,ACTIVE
EMP0803,Trinh Dung,DEPT003,PARTTIME,7264329,0.05,2021-09-02,ACTIVE
EMP0804,Vo Long,DEPT004,FULLTIME,17419095,0.1,2020-08-30,ACTIVE
EMP0805,Huynh Lan,DEPT005,FULLTIME,17269686,0.1,2021-04-20,ACTIVE
EMP0806,Huynh Phuc,DEPT006,PARTTIME,7637992,0.05,2023-07-10,ACTIVE
EMP0807,Do Nhung,DEPT007,PARTTIME,8400151,0.05,2022-08-01,ACTIVE
EMP0808,Duong Duc,DEPT008,PARTTIME,7329746,0.05,2021-09-13,ACTIVE
EMP0809,Huynh Thu,DEPT009,PARTTIME,8321267,0.05,2021-03-24,ACTIVE
EMP0810,Hoang Mai,DEPT010,FULLTIME,17958531,0.1,2022-05-01,ACTIVE
EMP0811,Tran Thu,DEPT011,PARTTIME,4369287,0.05,2020-03-25,ACTIVE
EMP0812,Trinh Bao,DEPT012,FULLTIME,15470398,0.1,2019-10-16,ACTIVE
EMP0813,Tran Trang,DEPT013,FULLTIME,9487733,0.1,2019-02-16,ACTIVE
EMP0814,Dang Tuan,DEPT014,FULLTIME,13093151,0.1,2020-11-08,ACTIVE
EMP0815,Vu Thu,DEPT015,FULLTIME,15642933,0.1,2019-05-04,ACTIVE
EMP0816,Tran Tuan,DEPT016,FULLTIME,8021787,0.1,2020-10-08,ACTIVE
EMP0817,Duong Thao,DEPT017,PARTTIME,8583523,0.05,2021-12-28,ACTIVE
EMP0818,Trinh Khanh,DEPT018,FULLTIME,17634159,0.1,2023-09-30,ACTIVE
EMP0819,Ngo Nhung,DEPT019,FULLTIME,11748917,0.1,2020-06-21,ACTIVE
EMP0820,Ly Quan,DEPT020,PARTTIME,6936904,0.05,2019-10-03,ACTIVE
EMP0821,Ly Nam,DEPT001,PARTTIME,5792758,0.05,2023-01-03,ACTIVE
EMP0822,Nguyen Minh,DEPT002,PARTTIME,7997814,0.05,2021-06-15,ACTIVE
EMP0823,Phan Quan,DEPT003,PARTTIME,6757775,0.05,2023-02-08,ACTIVE
EMP0824,Vo Long,DEPT004,FULLTIME,13588624,0.1,2019-06-17,ACTIVE
EMP0825,Ngo Khanh,DEPT005,PARTTIME,7528770,0.05,2022-10-06,ACTIVE
EMP0826,Tran Bao,DEPT006,FULLTIME,18493869,0.1,2019-10-06,ACTIVE
EMP0827,Hoang Viet,DEPT007,PARTTIME,8051031,0.05,2021-09-12,ACTIVE
EMP0828,Vo Duc,DEPT008,PARTTIME,5245534,0.05,2020-05-25,ACTIVE
EMP0829,Dang Anh,DEPT009,FULLTIME,19579299,0.1,2019-06-30,ACTIVE
EMP0830,Le Huong,DEPT010,FULLTIME,10440768,0.1,2023-07-17,ACTIVE
EMP0831,Do Long,DEPT011,PARTTIME,8808938,0.05,2020-07-07,ACTIVE
EMP0832,Ngo Lan,DEPT012,PARTTIME,7770643,0.05,2021-05-08,ACTIVE
EMP0833,Ngo Thu,DEPT013,FULLTIME,19552707,0.1,2019-02-10,ACTIVE
EMP0834,Ly Thao,DEPT014,PARTTIME,6140662,0.05,2022-11-17,ACTIVE
EMP0835,Vu Duc,DEPT015,FULLTIME,16979651,0.1,2021-08-01,ACTIVE
EMP0836,Dinh Khanh,DEPT016,PARTTIME,4719603,0.05,2023-09-17,ACTIVE
EMP0837,Ly Khanh,DEPT017,PARTTIME,6355785,0.05,2023-07-28,ACTIVE
EMP0838,Ho Duc,DEPT018,PARTTIME,8477870,0.05,2022-10-28,ACTIVE
EMP0839,Hoang Ngoc,DEPT019,PARTTIME,9155196,0.05,2020-11-20,ACTIVE
EMP0840,Dinh Bao,DEPT020,PARTTIME,7495351,0.05,2021-06-04,ACTIVE
EMP0841,Ho Nhung,DEPT001,FULLTIME,13590172,0.1,2021-03-20,ACTIVE
EMP0842,Dang Linh,DEPT002,PARTTIME,9157249,0.05,2021-10-14,ACTIVE
EMP0843,Hoang Trang,DEPT003,FULLTIME,13567201,0.1,2019-03-29,ACTIVE
EMP0844,Trinh Long,DEPT004,PARTTIME,8030658,0.05,2021-08-31,ACTIVE
EMP0845,Hoang Duc,DEPT005,FULLTIME,8961366,0.1,2020-07-29,ACTIVE
EMP0846,Trinh Minh,DEPT006,FULLTIME,19805319,0.1,2020-04-07,ACTIVE
EMP0847,Le Huy,DEPT007,FULLTIME,19401007,0.1,2021-07-18,ACTIVE
EMP0848,Huynh Thu,DEPT008,FULLTIME,8833523,0.1,2020-12-23,ACTIVE
EMP0849,Pham Anh,DEPT009,FULLTIME,11190084,0.1,2019-12-15,ACTIVE
EMP0850,Trinh Ha,DEPT010,FULLTIME,17127737,0.1,2019-09-18,ACTIVE
EMP0851,Nguyen Mai,DEPT011,FULLTIME,12553323,0.1,2019-11-12,ACTIVE
EMP0852,Bui Minh,DEPT012,PARTTIME,8436755,0.05,2023-01-25,ACTIVE
EMP0853,Do Huong,DEPT013,PARTTIME,6297754,0.05,2021-03-26,ACTIVE
EMP0854,Bui Quan,DEPT014,FULLTIME,15874544,0.1,2023-03-20,ACTIVE
EMP0855,Dang Tuan,DEPT015,PARTTIME,7678301,0.05,2019-06-25,ACTIVE
EMP0856,Do Huy,DEPT016,PARTTIME,4927339,0.05,2020-09-08,ACTIVE
EMP0857,Duong Thu,DEPT017,FULLTIME,9620788,0.1,2022-05-16,ACTIVE
EMP0858,Ngo Duc,DEPT018,FULLTIME,13191688,0.1,2020-04-04,ACTIVE
EMP0859,Tran Trang,DEPT019,PARTTIME,6802091,0.05,2022-02-06,ACTIVE
EMP0860,Phan Khoa,DEPT020,PARTTIME,8465525,0.05,2022-06-22,ACTIVE
EMP0861,Do Huy,DEPT001,PARTTIME,7208968,0.05,2021-12-10,ACTIVE
EMP0862,Ngo Khanh,DEPT002,FULLTIME,18147621,0.1,2021-10-30,ACTIVE
EMP0863,Le Mai,DEPT003,FULLTIME,11548307,0.1,2020-02-10,ACTIVE
EMP0864,Vu Mai,DEPT004,PARTTIME,9457454,0.05,2019-01-06,ACTIVE
EMP0865,Dinh Khoa,DEPT005,PARTTIME,9171496,0.05,2020-08-12,ACTIVE
EMP0866,Duong Bao,DEPT006,PARTTIME,6906128,0.05,2019-04-24,ACTIVE
EMP0867,Vo Bao,DEPT007,PARTTIME,9474881,0.05,2021-11-28,ACTIVE
EMP0868,Huynh Quan,DEPT008,FULLTIME,8766469,0.1,2019-05-23,ACTIVE
EMP0869,Tran Tuan,DEPT009,FULLTIME,14445555,0.1,2019-06-28,ACTIVE
EMP0870,Ngo Lan,DEPT010,PARTTIME,8034109,0.05,2021-08-10,ACTIVE
EMP0871,Pham Viet,DEPT011,PARTTIME,5293008,0.05,2019-06-29,ACTIVE
EMP0872,Trinh Linh,DEPT012,PARTTIME,8968946,0.05,2020-06-02,ACTIVE
EMP0873,Phan Duc,DEPT013,FULLTIME,10932700,0.1,2023-11-22,ACTIVE
EMP0874,Pham Linh,DEPT014,FULLTIME,17881836,0.1,2019-07-17,ACTIVE
EMP0875,Trinh Thao,DEPT015,PARTTIME,9030108,0.05,2021-07-11,ACTIVE
EMP0876,Ngo Minh,DEPT016,PARTTIME,6461989,0.05,2023-08-30,ACTIVE
EMP0877,Vo Huong,DEPT017,FULLTIME,17372243,0.1,2020-01-29,ACTIVE
EMP0878,Tran Tuan,DEPT018,PARTTIME,7558633,0.05,2021-11-04,ACTIVE
EMP0879,Duong Long,DEPT019,PARTTIME,8207940,0.05,2022-08-31,ACTIVE
EMP0880,Ly Ha,DEPT020,FULLTIME,8248281,0.1,2022-08-13,ACTIVE
EMP0881,Nguyen Khoa,DEPT001,FULLTIME,12660817,0.1,2022-04-11,ACTIVE
EMP0882,Do Viet,DEPT002,FULLTIME,12621554,0.1,2022-03-14,ACTIVE
EMP0883,Ho Thao,DEPT003,FULLTIME,15700862,0.1,2023-03-17,ACTIVE
EMP0884,Huynh Linh,DEPT004,PARTTIME,8930629,0.05,2020-10-18,ACTIVE
EMP0885,Trinh Ngoc,DEPT005,PARTTIME,6408320,0.05,2019-02-07,ACTIVE
EMP0886,Ngo Minh,DEPT006,PARTTIME,5544629,0.05,2023-07-15,ACTIVE
EMP0887,Ho Khanh,DEPT007,PARTTIME,9861779,0.05,2021-10-17,ACTIVE
EMP0888,Ly Thu,DEPT008,PARTTIME,8266927,0.05,2021-05-23,ACTIVE
EMP0889,Ly Tuan,DEPT009,PARTTIME,6737799,0.05,2023-07-02,ACTIVE
EMP0890,Trinh Viet,DEPT010,FULLTIME,15187060,0.1,2019-11-08,ACTIVE
EMP0891,Vu Long,DEPT011,FULLTIME,19315130,0.1,2019-10-28,ACTIVE
EMP0892,Duong Linh,DEPT012,PARTTIME,7112734,0.05,2023-03-25,ACTIVE
EMP0893,Do Duc,DEPT013,FULLTIME,8488179,0.1,2022-07-29,ACTIVE
EMP0894,Nguyen Viet,DEPT014,FULLTIME,13887813,0.1,2023-04-15,ACTIVE
EMP0895,Hoang Khoa,DEPT015,FULLTIME,14590610,0.1,2023-01-17,ACTIVE
EMP0896,Bui Minh,DEPT016,PARTTIME,7159466,0.05,2021-02-12,ACTIVE
EMP0897,Huynh Mai,DEPT017,FULLTIME,18971074,0.1,2022-01-08,ACTIVE
EMP0898,Huynh Ha,DEPT018,PARTTIME,7530362,0.05,2020-07-22,ACTIVE
EMP0899,Ho Linh,DEPT019,PARTTIME,9194871,0.05,2019-11-27,ACTIVE
EMP0900,Hoang Trang,DEPT020,FULLTIME,18014577,0.1,2019-12-15,ACTIVE
EMP0901,Nguyen Khoa,DEPT001,PARTTIME,5597834,0.05,2020-07-16,ACTIVE
EMP0902,Vo Anh,DEPT002,PARTTIME,8901145,0.05,2022-09-16,ACTIVE
EMP0903,Ly Thu,DEPT003,FULLTIME,10852870,0.1,2022-03-14,ACTIVE
EMP0904,Ngo Nam,DEPT004,PARTTIME,9161000,0.05,2020-05-01,ACTIVE
EMP0905,Bui Anh,DEPT005,PARTTIME,9822663,0.05,2020-07-15,ACTIVE
EMP0906,Le Bao,DEPT006,PARTTIME,6581256,0.05,2022-04-25,ACTIVE
EMP0907,Le Bao,DEPT007,FULLTIME,14903980,0.1,2020-08-21,ACTIVE
EMP0908,Tran Ha,DEPT008,FULLTIME,13428811,0.1,2022-03-24,ACTIVE
EMP0909,Vo Nam,DEPT009,FULLTIME,15382466,0.1,2019-05-13,ACTIVE
EMP0910,Huynh Long,DEPT010,FULLTIME,19362633,0.1,2019-08-15,ACTIVE
EMP0911,Dang Duc,DEPT011,FULLTIME,8069609,0.1,2022-07-20,ACTIVE
EMP0912,Ho Nam,DEPT012,FULLTIME,19846387,0.1,2020-11-15,ACTIVE
EMP0913,Duong Duc,DEPT013,PARTTIME,7613854,0.05,2019-08-30,ACTIVE
EMP0914,Dang Thu,DEPT014,FULLTIME,13449438,0.1,2021-04-05,ACTIVE
EMP0915,Vo Nam,DEPT015,FULLTIME,17098660,0.1,2020-09-29,ACTIVE
EMP0916,Huynh Viet,DEPT016,PARTTIME,4412100,0.05,2022-11-05,ACTIVE
EMP0917,Dang Mai,DEPT017,FULLTIME,14869884,0.1,2023-07-03,ACTIVE
EMP0918,Nguyen Huong,DEPT018,PARTTIME,6297801,0.05,2020-02-22,ACTIVE
EMP0919,Phan Nam,DEPT019,FULLTIME,10988710,0.1,2019-06-15,ACTIVE
EMP0920,Phan Khoa,DEPT020,FULLTIME,15080960,0.1,2020-01-25,ACTIVE
EMP0921,Dang Viet,DEPT001,FULLTIME,15245903,0.1,2020-07-23,ACTIVE
EMP0922,Dang Dung,DEPT002,FULLTIME,14152371,0.1,2023-07-27,ACTIVE
EMP0923,Nguyen Lan,DEPT003,PARTTIME,4143545,0.05,2019-03-18,ACTIVE
EMP0924,Phan Tuan,DEPT004,FULLTIME,12548027,0.1,2020-01-16,ACTIVE
EMP0925,Hoang Minh,DEPT005,PARTTIME,6059067,0.05,2023-04-11,ACTIVE
EMP0926,Ho Lan,DEPT006,FULLTIME,19301286,0.1,2022-04-08,ACTIVE
EMP0927,Pham Long,DEPT007,FULLTIME,18993370,0.1,2021-11-10,ACTIVE
EMP0928,Vo Duc,DEPT008,PARTTIME,5760555,0.05,2023-08-18,ACTIVE
EMP0929,Pham Phuc,DEPT009,PARTTIME,8445094,0.05,2020-03-22,ACTIVE
EMP0930,Nguyen Khoa,DEPT010,PARTTIME,4734584,0.05,2019-03-07,ACTIVE
EMP0931,Do Tuan,DEPT011,PARTTIME,5729049,0.05,2023-07-30,ACTIVE
EMP0932,Dinh Tuan,DEPT012,FULLTIME,14920731,0.1,2019-11-02,ACTIVE
EMP0933,Pham Viet,DEPT013,PARTTIME,7519585,0.05,2021-08-11,ACTIVE
EMP0934,Ho Ha,DEPT014,PARTTIME,9685958,0.05,2019-06-17,ACTIVE
EMP0935,Hoang Tuan,DEPT015,PARTTIME,6336275,0.05,2019-10-02,ACTIVE
EMP0936,Vo Viet,DEPT016,FULLTIME,11827452,0.1,2019-02-08,ACTIVE
EMP0937,Do Linh,DEPT017,PARTTIME,4554353,0.05,2020-07-17,ACTIVE
EMP0938,Bui Mai,DEPT018,PARTTIME,8944027,0.05,2020-06-26,ACTIVE
EMP0939,Vu Ha,DEPT019,PARTTIME,8805638,0.05,2019-12-17,ACTIVE
EMP0940,Ho Ngoc,DEPT020,PARTTIME,5188760,0.05,2019-01-13,ACTIVE
EMP0941,Phan Ha,DEPT001,PARTTIME,9395063,0.05,2020-11-02,ACTIVE
EMP0942,Le Thu,DEPT002,FULLTIME,16741804,0.1,2021-12-21,ACTIVE
EMP0943,Ngo Nam,DEPT003,PARTTIME,5372562,0.05,2021-04-18,ACTIVE
EMP0944,Vu Anh,DEPT004,PARTTIME,5941605,0.05,2023-05-18,ACTIVE
EMP0945,Vo Huong,DEPT005,FULLTIME,9567677,0.1,2019-12-30,ACTIVE
EMP0946,Ho Tuan,DEPT006,FULLTIME,10570355,0.1,2021-12-21,ACTIVE
EMP0947,Duong Dung,DEPT007,PARTTIME,7562578,0.05,2020-09-01,ACTIVE
EMP0948,Huynh Mai,DEPT008,FULLTIME,17971045,0.1,2021-05-24,ACTIVE
EMP0949,Huynh Long,DEPT009,PARTTIME,4467616,0.05,2022-01-06,ACTIVE
EMP0950,Huynh Minh,DEPT010,FULLTIME,12068509,0.1,2020-04-25,ACTIVE
EMP0951,Hoang Mai,DEPT011,FULLTIME,19156055,0.1,2023-04-26,ACTIVE
EMP0952,Do Thao,DEPT012,FULLTIME,8332758,0.1,2022-02-08,ACTIVE
EMP0953,Bui Thu,DEPT013,FULLTIME,11957662,0.1,2019-06-20,ACTIVE
EMP0954,Ngo Huy,DEPT014,FULLTIME,16093060,0.1,2019-08-06,ACTIVE
EMP0955,Ho Long,DEPT015,FULLTIME,15812526,0.1,2020-03-16,ACTIVE
EMP0956,Vo Long,DEPT016,PARTTIME,9906485,0.05,2023-02-09,ACTIVE
EMP0957,Dinh Trang,DEPT017,FULLTIME,17714977,0.1,2022-11-17,ACTIVE
EMP0958,Nguyen Mai,DEPT018,FULLTIME,19546752,0.1,2019-12-09,ACTIVE
EMP0959,Ho Huy,DEPT019,FULLTIME,10694044,0.1,2022-12-07,ACTIVE
EMP0960,Duong Anh,DEPT020,PARTTIME,8855283,0.05,2021-06-14,ACTIVE
EMP0961,Ngo Thao,DEPT001,PARTTIME,9803957,0.05,2019-09-14,ACTIVE
EMP0962,Pham Trang,DEPT002,FULLTIME,17984631,0.1,2020-12-27,ACTIVE
EMP0963,Dinh Khanh,DEPT003,PARTTIME,6218113,0.05,2022-01-24,ACTIVE
EMP0964,Le Minh,DEPT004,PARTTIME,9128153,0.05,2020-05-03,ACTIVE
EMP0965,Vu Huong,DEPT005,FULLTIME,19534307,0.1,2019-07-24,ACTIVE
EMP0966,Trinh Khanh,DEPT006,FULLTIME,9743671,0.1,2022-07-01,ACTIVE
EMP0967,Ly Minh,DEPT007,PARTTIME,8446921,0.05,2019-08-23,ACTIVE
EMP0968,Bui Duc,DEPT008,FULLTIME,18584115,0.1,2021-11-13,ACTIVE
EMP0969,Hoang Linh,DEPT009,PARTTIME,4768822,0.05,2020-03-19,ACTIVE
EMP0970,Pham Nhung,DEPT010,FULLTIME,18121716,0.1,2019-11-22,ACTIVE
EMP0971,Duong Trang,DEPT011,PARTTIME,8125567,0.05,2022-09-07,ACTIVE
EMP0972,Nguyen Huong,DEPT012,FULLTIME,12468505,0.1,2020-04-16,ACTIVE
EMP0973,Duong Phuc,DEPT013,FULLTIME,16963294,0.1,2020-05-22,ACTIVE
EMP0974,Vu Nhung,DEPT014,FULLTIME,11098334,0.1,2023-07-09,ACTIVE
EMP0975,Do Linh,DEPT015,FULLTIME,16440831,0.1,2020-10-22,ACTIVE
EMP0976,Ho Nhung,DEPT016,PARTTIME,4234330,0.05,2022-11-06,ACTIVE
EMP0977,Hoang Khoa,DEPT017,FULLTIME,8751982,0.1,2023-01-15,ACTIVE
EMP0978,Ho Huy,DEPT018,PARTTIME,8561115,0.05,2023-05-22,ACTIVE
EMP0979,Tran Bao,DEPT019,FULLTIME,17619526,0.1,2021-09-27,ACTIVE
EMP0980,Dinh Khanh,DEPT020,FULLTIME,10373506,0.1,2023-01-01,ACTIVE
EMP0981,Hoang Ngoc,DEPT001,PARTTIME,8449475,0.05,2020-11-09,ACTIVE
EMP0982,Ngo Anh,DEPT002,FULLTIME,10412899,0.1,2022-05-06,ACTIVE
EMP0983,Ly Long,DEPT003,FULLTIME,11812199,0.1,2020-06-23,ACTIVE
EMP0984,Dinh Dung,DEPT004,FULLTIME,10256267,0.1,2022-09-17,ACTIVE
EMP0985,Huynh Dung,DEPT005,FULLTIME,11990787,0.1,2022-04-04,ACTIVE
EMP0986,Ngo Minh,DEPT006,PARTTIME,7625464,0.05,2023-08-01,ACTIVE
EMP0987,Dinh Thu,DEPT007,FULLTIME,14829213,0.1,2020-10-14,ACTIVE
EMP0988,Le Minh,DEPT008,PARTTIME,7721120,0.05,2022-02-16,ACTIVE
EMP0989,Ly Minh,DEPT009,PARTTIME,5338304,0.05,2019-12-02,ACTIVE
EMP0990,Huynh Phuc,DEPT010,FULLTIME,9277125,0.1,2020-05-13,ACTIVE
EMP0991,Dinh Lan,DEPT011,PARTTIME,9266424,0.05,2020-01-20,ACTIVE
EMP0992,Ho Duc,DEPT012,FULLTIME,10706444,0.1,2020-11-15,ACTIVE
EMP0993,Ho Duc,DEPT013,FULLTIME,15745464,0.1,2022-05-17,ACTIVE
EMP0994,Dang Ha,DEPT014,PARTTIME,8941262,0.05,2020-04-14,ACTIVE
EMP0995,Ly Khanh,DEPT015,PARTTIME,6407093,0.05,2022-12-29,ACTIVE
EMP0996,Vo Tuan,DEPT016,PARTTIME,6639555,0.05,2021-10-13,ACTIVE
EMP0997,Huynh Phuc,DEPT017,PARTTIME,7625786,0.05,2019-02-05,ACTIVE
EMP0998,Dinh Huong,DEPT018,FULLTIME,19240022,0.1,2020-04-27,ACTIVE
EMP0999,Huynh Dung,DEPT019,PARTTIME,9176750,0.05,2021-11-06,ACTIVE
EMP1000,Huynh Huong,DEPT020,PARTTIME,5815175,0.05,2022-03-18,ACTIVE
EMP1001,Nguyen Nam,DEPT009,FULLTIME,10000000,0.1,2026-06-10,ACTIVE
